/*
 Navicat MySQL Data Transfer

 Source Server         : localhost
 Source Server Type    : MySQL
 Source Server Version : 80020
 Source Host           : localhost:3306
 Source Schema         : source

 Target Server Type    : MySQL
 Target Server Version : 80020
 File Encoding         : 65001

 Date: 13/05/2020 16:50:38
*/

SET NAMES utf8mb4;
SET FOREIGN_KEY_CHECKS = 0;

-- ----------------------------
-- Table structure for Customer
-- ----------------------------
DROP TABLE IF EXISTS `Customer`;
CREATE TABLE `Customer` (
  `ID` bigint unsigned NOT NULL AUTO_INCREMENT,
  `FirstName` varchar(255) CHARACTER SET utf8mb4 COLLATE utf8mb4_general_ci DEFAULT NULL,
  `LastName` varchar(255) CHARACTER SET utf8mb4 COLLATE utf8mb4_general_ci DEFAULT NULL,
  `AcquisitionDate` date DEFAULT NULL,
  `ExportID` bigint DEFAULT NULL,
  PRIMARY KEY (`ID`) USING BTREE
) ENGINE=InnoDB AUTO_INCREMENT=4383 DEFAULT CHARSET=utf8mb4 COLLATE=utf8mb4_general_ci;

-- ----------------------------
-- Records of Customer
-- ----------------------------
BEGIN;
INSERT INTO `Customer` VALUES (1, 'Eaton', 'Russell', '2019-05-26', 1);
INSERT INTO `Customer` VALUES (2, 'Adena', 'Stafford', '2019-07-06', 1);
INSERT INTO `Customer` VALUES (3, 'Remedios', 'Albert', '2019-12-16', 5);
INSERT INTO `Customer` VALUES (4, 'Chadwick', 'Atkinson', '2019-05-26', 1);
INSERT INTO `Customer` VALUES (5, 'Troy', 'Cobb', '2019-11-19', 2);
INSERT INTO `Customer` VALUES (6, 'Elmo', 'Hoover', '2019-08-12', 1);
INSERT INTO `Customer` VALUES (7, 'Noble', 'Landry', '2019-09-09', 1);
INSERT INTO `Customer` VALUES (8, 'Lila', 'Chaney', '2019-12-07', 5);
INSERT INTO `Customer` VALUES (9, 'Zelda', 'Montgomery', '2020-03-16', NULL);
INSERT INTO `Customer` VALUES (10, 'Zephr', 'Santos', '2020-02-09', 6);
INSERT INTO `Customer` VALUES (11, 'Jerry', 'Gates', '2019-10-18', 2);
INSERT INTO `Customer` VALUES (12, 'Darrel', 'Jones', '2019-09-24', 1);
INSERT INTO `Customer` VALUES (13, 'Emmanuel', 'Howell', '2020-02-28', 6);
INSERT INTO `Customer` VALUES (14, 'Felicia', 'Carson', '2019-11-24', 4);
INSERT INTO `Customer` VALUES (15, 'Graham', 'Cochran', '2019-11-29', 4);
INSERT INTO `Customer` VALUES (16, 'Megan', 'Gillespie', '2019-07-25', 1);
INSERT INTO `Customer` VALUES (17, 'Sheila', 'Bentley', '2020-01-25', 5);
INSERT INTO `Customer` VALUES (18, 'Winter', 'Mcmahon', '2019-06-18', 1);
INSERT INTO `Customer` VALUES (19, 'Orlando', 'Sheppard', '2019-10-22', 2);
INSERT INTO `Customer` VALUES (20, 'Veronica', 'Whitaker', '2019-05-25', 1);
INSERT INTO `Customer` VALUES (21, 'Farrah', 'Valencia', '2019-06-12', 1);
INSERT INTO `Customer` VALUES (22, 'Oliver', 'Welch', '2020-04-29', NULL);
INSERT INTO `Customer` VALUES (23, 'Barclay', 'Reyes', '2019-05-28', 1);
INSERT INTO `Customer` VALUES (24, 'Breanna', 'Church', '2019-07-30', 1);
INSERT INTO `Customer` VALUES (25, 'Georgia', 'Mcdonald', '2019-12-02', 4);
INSERT INTO `Customer` VALUES (26, 'Kaitlin', 'Murphy', '2020-05-04', NULL);
INSERT INTO `Customer` VALUES (27, 'Nissim', 'Patterson', '2019-08-07', 1);
INSERT INTO `Customer` VALUES (28, 'Paloma', 'Roman', '2019-06-18', 1);
INSERT INTO `Customer` VALUES (29, 'Bruce', 'Fernandez', '2019-06-26', 1);
INSERT INTO `Customer` VALUES (30, 'Natalie', 'Cote', '2019-09-14', 1);
INSERT INTO `Customer` VALUES (31, 'James', 'Ortega', '2020-05-06', NULL);
INSERT INTO `Customer` VALUES (32, 'Ocean', 'Montgomery', '2020-04-06', NULL);
INSERT INTO `Customer` VALUES (33, 'Quon', 'Maldonado', '2019-08-02', 1);
INSERT INTO `Customer` VALUES (34, 'Anjolie', 'Prince', '2019-12-29', 5);
INSERT INTO `Customer` VALUES (35, 'Leonard', 'Parks', '2020-02-28', 6);
INSERT INTO `Customer` VALUES (36, 'Dale', 'Mcfadden', '2020-04-11', NULL);
INSERT INTO `Customer` VALUES (37, 'Amelia', 'Michael', '2019-07-20', 1);
INSERT INTO `Customer` VALUES (38, 'Ramona', 'Marsh', '2019-09-04', 1);
INSERT INTO `Customer` VALUES (39, 'Reece', 'Conway', '2019-07-19', 1);
INSERT INTO `Customer` VALUES (40, 'Cassady', 'Gonzalez', '2020-04-05', NULL);
INSERT INTO `Customer` VALUES (41, 'Anastasia', 'Rowe', '2019-06-14', 1);
INSERT INTO `Customer` VALUES (42, 'Jack', 'Sherman', '2019-07-27', 1);
INSERT INTO `Customer` VALUES (43, 'Drew', 'Hopper', '2020-01-09', 5);
INSERT INTO `Customer` VALUES (44, 'Hamilton', 'Velez', '2020-04-16', NULL);
INSERT INTO `Customer` VALUES (45, 'Penelope', 'Reyes', '2019-07-07', 1);
INSERT INTO `Customer` VALUES (46, 'Nash', 'Orr', '2020-02-03', 5);
INSERT INTO `Customer` VALUES (47, 'Robin', 'Richard', '2019-12-21', 5);
INSERT INTO `Customer` VALUES (48, 'Dakota', 'Burnett', '2019-06-01', 1);
INSERT INTO `Customer` VALUES (49, 'Lacy', 'Allison', '2019-06-06', 1);
INSERT INTO `Customer` VALUES (50, 'Melinda', 'Zimmerman', '2020-02-19', 6);
INSERT INTO `Customer` VALUES (51, 'Carla', 'George', '2019-05-29', 1);
INSERT INTO `Customer` VALUES (52, 'Gemma', 'Franklin', '2019-08-04', 1);
INSERT INTO `Customer` VALUES (53, 'William', 'Hudson', '2019-12-09', 5);
INSERT INTO `Customer` VALUES (54, 'Cole', 'Moreno', '2019-10-03', 1);
INSERT INTO `Customer` VALUES (55, 'Hanae', 'Thornton', '2019-06-09', 1);
INSERT INTO `Customer` VALUES (56, 'Russell', 'Mullen', '2020-01-13', 5);
INSERT INTO `Customer` VALUES (57, 'Alyssa', 'Lara', '2019-11-25', 4);
INSERT INTO `Customer` VALUES (58, 'Kitra', 'Barton', '2019-09-29', 1);
INSERT INTO `Customer` VALUES (59, 'Emmanuel', 'Ochoa', '2019-08-27', 1);
INSERT INTO `Customer` VALUES (60, 'Garrison', 'Morse', '2020-05-07', NULL);
INSERT INTO `Customer` VALUES (61, 'Jerry', 'Hurst', '2019-07-26', 1);
INSERT INTO `Customer` VALUES (62, 'Adele', 'Mathews', '2020-03-02', 6);
INSERT INTO `Customer` VALUES (63, 'Caryn', 'Mann', '2020-03-27', NULL);
INSERT INTO `Customer` VALUES (64, 'Shelley', 'Clemons', '2019-11-27', 4);
INSERT INTO `Customer` VALUES (65, 'Gareth', 'Gomez', '2020-01-21', 5);
INSERT INTO `Customer` VALUES (66, 'Isaac', 'Wagner', '2019-12-21', 5);
INSERT INTO `Customer` VALUES (67, 'Bevis', 'Rodriquez', '2020-04-07', NULL);
INSERT INTO `Customer` VALUES (68, 'Lars', 'Tillman', '2019-05-24', 1);
INSERT INTO `Customer` VALUES (69, 'Faith', 'Potter', '2019-07-22', 1);
INSERT INTO `Customer` VALUES (70, 'Blake', 'Myers', '2019-09-21', 1);
INSERT INTO `Customer` VALUES (71, 'Jamal', 'Blanchard', '2020-02-02', 5);
INSERT INTO `Customer` VALUES (72, 'Teegan', 'Welch', '2019-12-01', 4);
INSERT INTO `Customer` VALUES (73, 'Chaim', 'Cummings', '2019-05-29', 1);
INSERT INTO `Customer` VALUES (74, 'Caesar', 'Larson', '2020-02-18', 6);
INSERT INTO `Customer` VALUES (75, 'Brett', 'Hoffman', '2020-03-25', NULL);
INSERT INTO `Customer` VALUES (76, 'Galena', 'Hart', '2020-04-14', NULL);
INSERT INTO `Customer` VALUES (77, 'Phillip', 'Butler', '2019-09-12', 1);
INSERT INTO `Customer` VALUES (78, 'Joan', 'Mccall', '2019-10-29', 2);
INSERT INTO `Customer` VALUES (79, 'Tyrone', 'Fernandez', '2019-07-22', 1);
INSERT INTO `Customer` VALUES (80, 'Lynn', 'Herrera', '2019-08-23', 1);
INSERT INTO `Customer` VALUES (81, 'Marcia', 'Gordon', '2019-12-02', 4);
INSERT INTO `Customer` VALUES (82, 'Amena', 'Moss', '2020-01-31', 5);
INSERT INTO `Customer` VALUES (83, 'Illiana', 'Lewis', '2020-04-17', NULL);
INSERT INTO `Customer` VALUES (84, 'Yoshi', 'Cochran', '2020-05-10', NULL);
INSERT INTO `Customer` VALUES (85, 'Isaiah', 'Armstrong', '2019-05-15', 1);
INSERT INTO `Customer` VALUES (86, 'Fritz', 'Gallegos', '2019-07-26', 1);
INSERT INTO `Customer` VALUES (87, 'Alfreda', 'Jennings', '2020-05-07', NULL);
INSERT INTO `Customer` VALUES (88, 'Priscilla', 'Valenzuela', '2019-08-25', 1);
INSERT INTO `Customer` VALUES (89, 'Alana', 'Davidson', '2019-07-27', 1);
INSERT INTO `Customer` VALUES (90, 'Shelly', 'Chan', '2020-05-09', NULL);
INSERT INTO `Customer` VALUES (91, 'Ralph', 'Rodgers', '2019-06-25', 1);
INSERT INTO `Customer` VALUES (92, 'Juliet', 'Fleming', '2019-11-30', 4);
INSERT INTO `Customer` VALUES (93, 'Kiara', 'Oneill', '2020-02-15', 6);
INSERT INTO `Customer` VALUES (94, 'Tarik', 'Neal', '2020-05-09', NULL);
INSERT INTO `Customer` VALUES (95, 'Maxwell', 'Hutchinson', '2019-06-17', 1);
INSERT INTO `Customer` VALUES (96, 'Rachel', 'Schultz', '2019-05-19', 1);
INSERT INTO `Customer` VALUES (97, 'Axel', 'Wright', '2020-02-16', 6);
INSERT INTO `Customer` VALUES (98, 'Wallace', 'Parks', '2020-04-03', NULL);
INSERT INTO `Customer` VALUES (99, 'Cally', 'Parks', '2019-11-04', 2);
INSERT INTO `Customer` VALUES (100, 'Quinlan', 'Riggs', '2019-12-17', 5);
INSERT INTO `Customer` VALUES (101, 'Libby', 'Cash', '2019-12-27', 5);
INSERT INTO `Customer` VALUES (102, 'Hedy', 'Wolfe', '2019-10-27', 2);
INSERT INTO `Customer` VALUES (103, 'Sebastian', 'Calderon', '2019-06-03', 1);
INSERT INTO `Customer` VALUES (104, 'Bertha', 'Clarke', '2020-04-21', NULL);
INSERT INTO `Customer` VALUES (105, 'Boris', 'Hooper', '2019-12-01', 4);
INSERT INTO `Customer` VALUES (106, 'September', 'Harris', '2019-07-17', 1);
INSERT INTO `Customer` VALUES (107, 'Reed', 'Mcleod', '2019-05-27', 1);
INSERT INTO `Customer` VALUES (108, 'Kim', 'Harper', '2019-10-15', 2);
INSERT INTO `Customer` VALUES (109, 'Dakota', 'Knowles', '2019-11-16', 2);
INSERT INTO `Customer` VALUES (110, 'Jeanette', 'Humphrey', '2019-09-17', 1);
INSERT INTO `Customer` VALUES (111, 'Stone', 'West', '2019-08-25', 1);
INSERT INTO `Customer` VALUES (112, 'Arden', 'Rice', '2019-12-17', 5);
INSERT INTO `Customer` VALUES (113, 'Jonas', 'Vinson', '2020-02-16', 6);
INSERT INTO `Customer` VALUES (114, 'Nicholas', 'Lang', '2020-04-23', NULL);
INSERT INTO `Customer` VALUES (115, 'Macaulay', 'Howe', '2019-05-19', 1);
INSERT INTO `Customer` VALUES (116, 'Kieran', 'Lloyd', '2019-11-29', 4);
INSERT INTO `Customer` VALUES (117, 'Caleb', 'Kidd', '2019-08-02', 1);
INSERT INTO `Customer` VALUES (118, 'Ronan', 'Nelson', '2019-10-20', 2);
INSERT INTO `Customer` VALUES (119, 'Randall', 'Dejesus', '2019-09-05', 1);
INSERT INTO `Customer` VALUES (120, 'Mikayla', 'Nunez', '2020-02-28', 6);
INSERT INTO `Customer` VALUES (121, 'Ivy', 'Payne', '2019-07-03', 1);
INSERT INTO `Customer` VALUES (122, 'Dawn', 'Mann', '2020-03-09', 6);
INSERT INTO `Customer` VALUES (123, 'Iliana', 'Summers', '2020-01-10', 5);
INSERT INTO `Customer` VALUES (124, 'Dale', 'Bowen', '2020-04-16', NULL);
INSERT INTO `Customer` VALUES (125, 'Ifeoma', 'Blevins', '2019-07-16', 1);
INSERT INTO `Customer` VALUES (126, 'Shellie', 'Bonner', '2019-09-26', 1);
INSERT INTO `Customer` VALUES (127, 'Iliana', 'Britt', '2019-06-08', 1);
INSERT INTO `Customer` VALUES (128, 'Victoria', 'Navarro', '2020-04-08', NULL);
INSERT INTO `Customer` VALUES (129, 'Hashim', 'Patterson', '2020-02-28', 6);
INSERT INTO `Customer` VALUES (130, 'Todd', 'Marshall', '2019-06-24', 1);
INSERT INTO `Customer` VALUES (131, 'Ralph', 'Lowery', '2019-08-18', 1);
INSERT INTO `Customer` VALUES (132, 'Lee', 'Carson', '2019-07-27', 1);
INSERT INTO `Customer` VALUES (133, 'Lee', 'Hess', '2019-07-25', 1);
INSERT INTO `Customer` VALUES (134, 'Alec', 'Cunningham', '2020-04-10', NULL);
INSERT INTO `Customer` VALUES (135, 'Kasper', 'Leach', '2019-11-05', 2);
INSERT INTO `Customer` VALUES (136, 'Cadman', 'Irwin', '2019-12-11', 5);
INSERT INTO `Customer` VALUES (137, 'Baker', 'Vinson', '2020-04-11', NULL);
INSERT INTO `Customer` VALUES (138, 'Echo', 'Santos', '2019-07-05', 1);
INSERT INTO `Customer` VALUES (139, 'Julie', 'Bell', '2019-11-07', 2);
INSERT INTO `Customer` VALUES (140, 'Denton', 'Stuart', '2019-07-18', 1);
INSERT INTO `Customer` VALUES (141, 'Garrison', 'Osborne', '2020-01-28', 5);
INSERT INTO `Customer` VALUES (142, 'Unity', 'Burks', '2019-09-22', 1);
INSERT INTO `Customer` VALUES (143, 'Jarrod', 'Mullen', '2019-08-31', 1);
INSERT INTO `Customer` VALUES (144, 'Fulton', 'Gilmore', '2020-03-28', NULL);
INSERT INTO `Customer` VALUES (145, 'Nissim', 'England', '2020-05-03', NULL);
INSERT INTO `Customer` VALUES (146, 'Gemma', 'Gordon', '2019-09-22', 1);
INSERT INTO `Customer` VALUES (147, 'Emerald', 'Foley', '2019-06-11', 1);
INSERT INTO `Customer` VALUES (148, 'Timon', 'Rowe', '2020-04-25', NULL);
INSERT INTO `Customer` VALUES (149, 'Portia', 'Evans', '2019-06-03', 1);
INSERT INTO `Customer` VALUES (150, 'Xanthus', 'Clemons', '2019-07-10', 1);
INSERT INTO `Customer` VALUES (151, 'Sierra', 'Benjamin', '2019-10-10', 1);
INSERT INTO `Customer` VALUES (152, 'Alan', 'Stuart', '2019-09-02', 1);
INSERT INTO `Customer` VALUES (153, 'Carson', 'Kent', '2019-08-26', 1);
INSERT INTO `Customer` VALUES (154, 'Shana', 'Berg', '2019-07-03', 1);
INSERT INTO `Customer` VALUES (155, 'Hector', 'Patterson', '2019-12-13', 5);
INSERT INTO `Customer` VALUES (156, 'Tyler', 'Valencia', '2019-09-09', 1);
INSERT INTO `Customer` VALUES (157, 'Hope', 'Gordon', '2019-06-06', 1);
INSERT INTO `Customer` VALUES (158, 'Holmes', 'Flynn', '2020-03-23', NULL);
INSERT INTO `Customer` VALUES (159, 'Amber', 'Ratliff', '2019-10-30', 2);
INSERT INTO `Customer` VALUES (160, 'Kessie', 'Peterson', '2020-05-12', NULL);
INSERT INTO `Customer` VALUES (161, 'Carlos', 'Case', '2019-09-02', 1);
INSERT INTO `Customer` VALUES (162, 'Steel', 'Morales', '2019-08-30', 1);
INSERT INTO `Customer` VALUES (163, 'Jennifer', 'Hubbard', '2019-07-08', 1);
INSERT INTO `Customer` VALUES (164, 'Robert', 'York', '2019-11-26', 4);
INSERT INTO `Customer` VALUES (165, 'Lawrence', 'Wilder', '2020-01-06', 5);
INSERT INTO `Customer` VALUES (166, 'Mechelle', 'Puckett', '2019-05-25', 1);
INSERT INTO `Customer` VALUES (167, 'Amber', 'George', '2020-01-17', 5);
INSERT INTO `Customer` VALUES (168, 'Scarlet', 'Webb', '2019-09-11', 1);
INSERT INTO `Customer` VALUES (169, 'Holmes', 'Coffey', '2019-09-24', 1);
INSERT INTO `Customer` VALUES (170, 'Colorado', 'Valencia', '2019-07-22', 1);
INSERT INTO `Customer` VALUES (171, 'Sonia', 'Dickson', '2019-12-15', 5);
INSERT INTO `Customer` VALUES (172, 'Walter', 'Haley', '2020-01-23', 5);
INSERT INTO `Customer` VALUES (173, 'Sasha', 'Rasmussen', '2020-01-22', 5);
INSERT INTO `Customer` VALUES (174, 'Stewart', 'Boyer', '2019-11-05', 2);
INSERT INTO `Customer` VALUES (175, 'Yardley', 'Whitaker', '2020-03-14', NULL);
INSERT INTO `Customer` VALUES (176, 'Kameko', 'Reeves', '2019-07-19', 1);
INSERT INTO `Customer` VALUES (177, 'Lev', 'West', '2019-09-15', 1);
INSERT INTO `Customer` VALUES (178, 'Mallory', 'Fletcher', '2019-11-21', 2);
INSERT INTO `Customer` VALUES (179, 'MacKensie', 'Lee', '2020-04-15', NULL);
INSERT INTO `Customer` VALUES (180, 'Bruno', 'Albert', '2019-11-14', 2);
INSERT INTO `Customer` VALUES (181, 'Marvin', 'Pierce', '2019-08-23', 1);
INSERT INTO `Customer` VALUES (182, 'Sopoline', 'Arnold', '2020-01-27', 5);
INSERT INTO `Customer` VALUES (183, 'Vladimir', 'Wright', '2019-10-16', 2);
INSERT INTO `Customer` VALUES (184, 'Camden', 'Shepherd', '2020-02-26', 6);
INSERT INTO `Customer` VALUES (185, 'Kane', 'Oliver', '2019-09-22', 1);
INSERT INTO `Customer` VALUES (186, 'Emi', 'Bird', '2019-10-30', 2);
INSERT INTO `Customer` VALUES (187, 'Burton', 'Ball', '2019-07-30', 1);
INSERT INTO `Customer` VALUES (188, 'Cooper', 'Cameron', '2020-02-16', 6);
INSERT INTO `Customer` VALUES (189, 'Grace', 'Schneider', '2019-12-26', 5);
INSERT INTO `Customer` VALUES (190, 'Kylan', 'Lester', '2020-02-27', 6);
INSERT INTO `Customer` VALUES (191, 'Drake', 'Malone', '2020-03-30', NULL);
INSERT INTO `Customer` VALUES (192, 'Rebekah', 'Whitaker', '2019-10-22', 2);
INSERT INTO `Customer` VALUES (193, 'Quail', 'Clements', '2019-09-27', 1);
INSERT INTO `Customer` VALUES (194, 'Carlos', 'Battle', '2020-01-19', 5);
INSERT INTO `Customer` VALUES (195, 'Clayton', 'Goodwin', '2019-08-13', 1);
INSERT INTO `Customer` VALUES (196, 'Baker', 'Mack', '2020-04-27', NULL);
INSERT INTO `Customer` VALUES (197, 'Tobias', 'Eaton', '2020-03-16', NULL);
INSERT INTO `Customer` VALUES (198, 'Zane', 'Cohen', '2019-08-21', 1);
INSERT INTO `Customer` VALUES (199, 'Dorian', 'Cohen', '2019-08-23', 1);
INSERT INTO `Customer` VALUES (200, 'Timon', 'Rosales', '2019-08-03', 1);
INSERT INTO `Customer` VALUES (201, 'Brielle', 'Jimenez', '2020-02-14', 6);
INSERT INTO `Customer` VALUES (202, 'Colton', 'Williamson', '2020-03-27', NULL);
INSERT INTO `Customer` VALUES (203, 'Zenia', 'Craft', '2019-05-27', 1);
INSERT INTO `Customer` VALUES (204, 'Iliana', 'Valentine', '2020-02-25', 6);
INSERT INTO `Customer` VALUES (205, 'Farrah', 'Blair', '2019-08-22', 1);
INSERT INTO `Customer` VALUES (206, 'Ignacia', 'Everett', '2019-11-15', 2);
INSERT INTO `Customer` VALUES (207, 'Constance', 'Hickman', '2020-03-08', 6);
INSERT INTO `Customer` VALUES (208, 'Steven', 'Russell', '2020-03-30', NULL);
INSERT INTO `Customer` VALUES (209, 'Zeus', 'Booth', '2020-04-26', NULL);
INSERT INTO `Customer` VALUES (210, 'Leilani', 'Harrell', '2020-01-12', 5);
INSERT INTO `Customer` VALUES (211, 'Alfonso', 'Nguyen', '2019-08-30', 1);
INSERT INTO `Customer` VALUES (212, 'Anthony', 'Mccarthy', '2020-01-14', 5);
INSERT INTO `Customer` VALUES (213, 'August', 'Mays', '2019-06-08', 1);
INSERT INTO `Customer` VALUES (214, 'Aaron', 'Robbins', '2020-04-18', NULL);
INSERT INTO `Customer` VALUES (215, 'Shelly', 'Shepard', '2020-03-02', 6);
INSERT INTO `Customer` VALUES (216, 'Dawn', 'Aguilar', '2019-10-17', 2);
INSERT INTO `Customer` VALUES (217, 'Jena', 'Butler', '2019-12-04', 4);
INSERT INTO `Customer` VALUES (218, 'Xander', 'Justice', '2020-05-09', NULL);
INSERT INTO `Customer` VALUES (219, 'Colorado', 'Donovan', '2020-04-19', NULL);
INSERT INTO `Customer` VALUES (220, 'Bree', 'Workman', '2020-02-10', 6);
INSERT INTO `Customer` VALUES (221, 'Mallory', 'Justice', '2019-05-17', 1);
INSERT INTO `Customer` VALUES (222, 'Aspen', 'Underwood', '2019-11-19', 2);
INSERT INTO `Customer` VALUES (223, 'Kelsie', 'Chang', '2019-07-30', 1);
INSERT INTO `Customer` VALUES (224, 'Amethyst', 'Herrera', '2020-01-27', 5);
INSERT INTO `Customer` VALUES (225, 'Andrew', 'Hamilton', '2019-10-02', 1);
INSERT INTO `Customer` VALUES (226, 'Delilah', 'Branch', '2020-02-20', 6);
INSERT INTO `Customer` VALUES (227, 'Mikayla', 'Wilkinson', '2019-05-15', 1);
INSERT INTO `Customer` VALUES (228, 'Freya', 'Clark', '2019-08-12', 1);
INSERT INTO `Customer` VALUES (229, 'Ferris', 'Hunter', '2019-10-25', 2);
INSERT INTO `Customer` VALUES (230, 'Ray', 'Wooten', '2019-06-12', 1);
INSERT INTO `Customer` VALUES (231, 'Ralph', 'Edwards', '2020-02-04', 5);
INSERT INTO `Customer` VALUES (232, 'Belle', 'Christian', '2019-06-30', 1);
INSERT INTO `Customer` VALUES (233, 'Brielle', 'Gates', '2019-12-03', 4);
INSERT INTO `Customer` VALUES (234, 'Blair', 'Golden', '2019-06-18', 1);
INSERT INTO `Customer` VALUES (235, 'Charlotte', 'Hall', '2019-07-23', 1);
INSERT INTO `Customer` VALUES (236, 'Sybill', 'Alston', '2019-05-18', 1);
INSERT INTO `Customer` VALUES (237, 'Hannah', 'Price', '2019-11-03', 2);
INSERT INTO `Customer` VALUES (238, 'Anjolie', 'Cherry', '2019-06-22', 1);
INSERT INTO `Customer` VALUES (239, 'Lester', 'Cline', '2020-04-03', NULL);
INSERT INTO `Customer` VALUES (240, 'Shay', 'Bryant', '2019-07-06', 1);
INSERT INTO `Customer` VALUES (241, 'Garrison', 'Hatfield', '2020-05-10', NULL);
INSERT INTO `Customer` VALUES (242, 'Lewis', 'Massey', '2020-01-01', 5);
INSERT INTO `Customer` VALUES (243, 'Prescott', 'Salinas', '2019-08-16', 1);
INSERT INTO `Customer` VALUES (244, 'Merritt', 'Beck', '2019-11-03', 2);
INSERT INTO `Customer` VALUES (245, 'Beau', 'Gomez', '2019-12-30', 5);
INSERT INTO `Customer` VALUES (246, 'Isadora', 'Patrick', '2019-10-07', 1);
INSERT INTO `Customer` VALUES (247, 'Zephania', 'Briggs', '2020-02-03', 5);
INSERT INTO `Customer` VALUES (248, 'Yardley', 'Browning', '2020-01-29', 5);
INSERT INTO `Customer` VALUES (249, 'Stephanie', 'Hart', '2019-09-27', 1);
INSERT INTO `Customer` VALUES (250, 'Dante', 'Hinton', '2020-01-03', 5);
INSERT INTO `Customer` VALUES (251, 'Cheryl', 'Harper', '2019-12-07', 5);
INSERT INTO `Customer` VALUES (252, 'Davis', 'Leonard', '2019-07-26', 1);
INSERT INTO `Customer` VALUES (253, 'Finn', 'Vance', '2019-12-01', 4);
INSERT INTO `Customer` VALUES (254, 'Jolie', 'Abbott', '2020-03-19', NULL);
INSERT INTO `Customer` VALUES (255, 'Winter', 'Knight', '2019-05-13', 1);
INSERT INTO `Customer` VALUES (256, 'Lilah', 'Cherry', '2019-12-15', 5);
INSERT INTO `Customer` VALUES (257, 'Dalton', 'Herman', '2019-06-14', 1);
INSERT INTO `Customer` VALUES (258, 'Adara', 'Stout', '2020-02-10', 6);
INSERT INTO `Customer` VALUES (259, 'Castor', 'Horne', '2020-03-17', NULL);
INSERT INTO `Customer` VALUES (260, 'Gareth', 'Emerson', '2020-05-03', NULL);
INSERT INTO `Customer` VALUES (261, 'Marshall', 'Tate', '2020-04-11', NULL);
INSERT INTO `Customer` VALUES (262, 'Bethany', 'Malone', '2019-06-16', 1);
INSERT INTO `Customer` VALUES (263, 'August', 'Camacho', '2019-09-15', 1);
INSERT INTO `Customer` VALUES (264, 'Alfreda', 'Ross', '2019-07-28', 1);
INSERT INTO `Customer` VALUES (265, 'Tatum', 'Morgan', '2019-08-16', 1);
INSERT INTO `Customer` VALUES (266, 'Colton', 'Cole', '2020-03-03', 6);
INSERT INTO `Customer` VALUES (267, 'Elijah', 'Nunez', '2020-03-29', NULL);
INSERT INTO `Customer` VALUES (268, 'Barclay', 'Mullen', '2020-01-12', 5);
INSERT INTO `Customer` VALUES (269, 'Fallon', 'Sexton', '2019-12-01', 4);
INSERT INTO `Customer` VALUES (270, 'Jacob', 'Sandoval', '2020-02-14', 6);
INSERT INTO `Customer` VALUES (271, 'Ariana', 'Lloyd', '2020-03-11', 6);
INSERT INTO `Customer` VALUES (272, 'Isabelle', 'Malone', '2020-04-12', NULL);
INSERT INTO `Customer` VALUES (273, 'Neville', 'Franco', '2020-01-26', 5);
INSERT INTO `Customer` VALUES (274, 'Alden', 'Meyers', '2020-04-12', NULL);
INSERT INTO `Customer` VALUES (275, 'Jane', 'Kennedy', '2020-01-02', 5);
INSERT INTO `Customer` VALUES (276, 'Tashya', 'Glenn', '2019-05-14', 1);
INSERT INTO `Customer` VALUES (277, 'Rina', 'Bolton', '2019-07-04', 1);
INSERT INTO `Customer` VALUES (278, 'Hiram', 'Chapman', '2019-09-30', 1);
INSERT INTO `Customer` VALUES (279, 'Ivan', 'Velasquez', '2020-01-25', 5);
INSERT INTO `Customer` VALUES (280, 'Ann', 'Miller', '2019-08-29', 1);
INSERT INTO `Customer` VALUES (281, 'Porter', 'Wagner', '2019-10-10', 1);
INSERT INTO `Customer` VALUES (282, 'Oren', 'Stanton', '2019-11-30', 4);
INSERT INTO `Customer` VALUES (283, 'Kiayada', 'Kline', '2020-01-29', 5);
INSERT INTO `Customer` VALUES (284, 'Nathaniel', 'Wright', '2019-10-07', 1);
INSERT INTO `Customer` VALUES (285, 'Chantale', 'Garrison', '2020-01-24', 5);
INSERT INTO `Customer` VALUES (286, 'Kevyn', 'Gibson', '2020-05-07', NULL);
INSERT INTO `Customer` VALUES (287, 'Cameran', 'Bauer', '2019-07-26', 1);
INSERT INTO `Customer` VALUES (288, 'Carly', 'Riley', '2019-10-20', 2);
INSERT INTO `Customer` VALUES (289, 'Miranda', 'Washington', '2020-02-17', 6);
INSERT INTO `Customer` VALUES (290, 'Kennedy', 'Mckee', '2019-08-18', 1);
INSERT INTO `Customer` VALUES (291, 'Rylee', 'Holmes', '2019-07-25', 1);
INSERT INTO `Customer` VALUES (292, 'Sandra', 'Vinson', '2019-07-08', 1);
INSERT INTO `Customer` VALUES (293, 'Elton', 'Small', '2019-05-26', 1);
INSERT INTO `Customer` VALUES (294, 'Sage', 'Benton', '2019-06-01', 1);
INSERT INTO `Customer` VALUES (295, 'Aquila', 'Wheeler', '2019-09-06', 1);
INSERT INTO `Customer` VALUES (296, 'Lael', 'Myers', '2019-12-14', 5);
INSERT INTO `Customer` VALUES (297, 'Xyla', 'Carpenter', '2020-02-26', 6);
INSERT INTO `Customer` VALUES (298, 'Cooper', 'Holcomb', '2019-09-21', 1);
INSERT INTO `Customer` VALUES (299, 'Derek', 'Walters', '2019-09-03', 1);
INSERT INTO `Customer` VALUES (300, 'Raja', 'Cervantes', '2020-05-08', NULL);
INSERT INTO `Customer` VALUES (301, 'Cole', 'Wynn', '2020-04-18', NULL);
INSERT INTO `Customer` VALUES (302, 'Fay', 'Barlow', '2019-11-22', 2);
INSERT INTO `Customer` VALUES (303, 'Keith', 'Middleton', '2019-10-24', 2);
INSERT INTO `Customer` VALUES (304, 'Colt', 'Albert', '2019-12-02', 4);
INSERT INTO `Customer` VALUES (305, 'Josephine', 'Briggs', '2019-09-30', 1);
INSERT INTO `Customer` VALUES (306, 'Noble', 'Cox', '2019-12-22', 5);
INSERT INTO `Customer` VALUES (307, 'Mikayla', 'Herman', '2020-01-24', 5);
INSERT INTO `Customer` VALUES (308, 'Marsden', 'Robinson', '2019-06-06', 1);
INSERT INTO `Customer` VALUES (309, 'Gillian', 'Newton', '2020-04-28', NULL);
INSERT INTO `Customer` VALUES (310, 'Ayanna', 'Short', '2020-03-29', NULL);
INSERT INTO `Customer` VALUES (311, 'Jonah', 'Hampton', '2019-12-25', 5);
INSERT INTO `Customer` VALUES (312, 'Martena', 'Walls', '2019-11-24', 4);
INSERT INTO `Customer` VALUES (313, 'Connor', 'Woodward', '2020-02-05', 5);
INSERT INTO `Customer` VALUES (314, 'Warren', 'Atkinson', '2020-03-06', 6);
INSERT INTO `Customer` VALUES (315, 'Malachi', 'Bowman', '2019-10-01', 1);
INSERT INTO `Customer` VALUES (316, 'Raven', 'Willis', '2019-10-18', 2);
INSERT INTO `Customer` VALUES (317, 'Hiram', 'Lloyd', '2019-08-20', 1);
INSERT INTO `Customer` VALUES (318, 'MacKensie', 'Bryan', '2019-08-12', 1);
INSERT INTO `Customer` VALUES (319, 'Genevieve', 'Ross', '2019-11-20', 2);
INSERT INTO `Customer` VALUES (320, 'Gail', 'Hays', '2020-03-01', 6);
INSERT INTO `Customer` VALUES (321, 'Ralph', 'Clemons', '2019-09-25', 1);
INSERT INTO `Customer` VALUES (322, 'Drew', 'Hammond', '2019-09-14', 1);
INSERT INTO `Customer` VALUES (323, 'Carly', 'Howe', '2020-03-31', NULL);
INSERT INTO `Customer` VALUES (324, 'Kendall', 'Stevens', '2020-04-29', NULL);
INSERT INTO `Customer` VALUES (325, 'Teagan', 'Patton', '2019-12-24', 5);
INSERT INTO `Customer` VALUES (326, 'Harrison', 'Hopkins', '2020-04-27', NULL);
INSERT INTO `Customer` VALUES (327, 'Molly', 'Robbins', '2019-08-21', 1);
INSERT INTO `Customer` VALUES (328, 'Lillian', 'Lynn', '2020-03-27', NULL);
INSERT INTO `Customer` VALUES (329, 'Slade', 'Boyd', '2019-12-28', 5);
INSERT INTO `Customer` VALUES (330, 'Shaine', 'Fischer', '2019-09-18', 1);
INSERT INTO `Customer` VALUES (331, 'Vladimir', 'Browning', '2019-11-22', 2);
INSERT INTO `Customer` VALUES (332, 'Duncan', 'Vaughan', '2019-12-12', 5);
INSERT INTO `Customer` VALUES (333, 'Yolanda', 'Lee', '2019-10-30', 2);
INSERT INTO `Customer` VALUES (334, 'Solomon', 'Sargent', '2020-04-26', NULL);
INSERT INTO `Customer` VALUES (335, 'Garrison', 'Hickman', '2019-11-23', 4);
INSERT INTO `Customer` VALUES (336, 'Azalia', 'Weaver', '2020-02-03', 5);
INSERT INTO `Customer` VALUES (337, 'Rinah', 'Frederick', '2019-05-13', 1);
INSERT INTO `Customer` VALUES (338, 'Olga', 'Reilly', '2019-12-21', 5);
INSERT INTO `Customer` VALUES (339, 'Jonas', 'Horn', '2019-10-14', 1);
INSERT INTO `Customer` VALUES (340, 'Harding', 'Lyons', '2020-03-10', 6);
INSERT INTO `Customer` VALUES (341, 'Amela', 'Kemp', '2020-04-26', NULL);
INSERT INTO `Customer` VALUES (342, 'Brock', 'Montoya', '2019-12-10', 5);
INSERT INTO `Customer` VALUES (343, 'Wyatt', 'Watkins', '2019-11-19', 2);
INSERT INTO `Customer` VALUES (344, 'Colorado', 'Blackburn', '2019-07-18', 1);
INSERT INTO `Customer` VALUES (345, 'Len', 'Drake', '2019-06-25', 1);
INSERT INTO `Customer` VALUES (346, 'Daphne', 'Dyer', '2020-04-28', NULL);
INSERT INTO `Customer` VALUES (347, 'Laura', 'Valdez', '2019-06-01', 1);
INSERT INTO `Customer` VALUES (348, 'Samson', 'Bryant', '2019-12-26', 5);
INSERT INTO `Customer` VALUES (349, 'Nina', 'Espinoza', '2019-10-28', 2);
INSERT INTO `Customer` VALUES (350, 'Blake', 'Flores', '2019-11-06', 2);
INSERT INTO `Customer` VALUES (351, 'Neil', 'Riley', '2020-01-25', 5);
INSERT INTO `Customer` VALUES (352, 'Urielle', 'Bartlett', '2020-01-08', 5);
INSERT INTO `Customer` VALUES (353, 'Morgan', 'James', '2019-12-10', 5);
INSERT INTO `Customer` VALUES (354, 'Lysandra', 'Lynn', '2019-07-02', 1);
INSERT INTO `Customer` VALUES (355, 'Linus', 'Johns', '2019-10-04', 1);
INSERT INTO `Customer` VALUES (356, 'Aurelia', 'Gordon', '2019-09-03', 1);
INSERT INTO `Customer` VALUES (357, 'Lionel', 'Odonnell', '2019-07-25', 1);
INSERT INTO `Customer` VALUES (358, 'Solomon', 'Compton', '2019-07-10', 1);
INSERT INTO `Customer` VALUES (359, 'Dexter', 'Sargent', '2020-01-08', 5);
INSERT INTO `Customer` VALUES (360, 'Molly', 'Navarro', '2020-01-11', 5);
INSERT INTO `Customer` VALUES (361, 'Michelle', 'Pugh', '2019-10-16', 2);
INSERT INTO `Customer` VALUES (362, 'Fredericka', 'Clark', '2019-12-09', 5);
INSERT INTO `Customer` VALUES (363, 'Hasad', 'House', '2019-06-29', 1);
INSERT INTO `Customer` VALUES (364, 'Roth', 'Bradford', '2020-01-17', 5);
INSERT INTO `Customer` VALUES (365, 'Ifeoma', 'Carroll', '2019-10-11', 1);
INSERT INTO `Customer` VALUES (366, 'Bruce', 'Ford', '2019-06-28', 1);
INSERT INTO `Customer` VALUES (367, 'Rudyard', 'Mcgee', '2019-09-08', 1);
INSERT INTO `Customer` VALUES (368, 'Amy', 'Johns', '2020-04-09', NULL);
INSERT INTO `Customer` VALUES (369, 'Adam', 'Sampson', '2019-09-22', 1);
INSERT INTO `Customer` VALUES (370, 'Erica', 'House', '2019-10-20', 2);
INSERT INTO `Customer` VALUES (371, 'Sade', 'Chang', '2019-11-06', 2);
INSERT INTO `Customer` VALUES (372, 'Elton', 'Haynes', '2020-02-05', 5);
INSERT INTO `Customer` VALUES (373, 'Tamekah', 'Parrish', '2020-04-18', NULL);
INSERT INTO `Customer` VALUES (374, 'Yasir', 'Pruitt', '2020-05-04', NULL);
INSERT INTO `Customer` VALUES (375, 'Bethany', 'Bean', '2020-05-06', NULL);
INSERT INTO `Customer` VALUES (376, 'Dante', 'Vaughan', '2020-03-10', 6);
INSERT INTO `Customer` VALUES (377, 'Sawyer', 'Frye', '2019-07-11', 1);
INSERT INTO `Customer` VALUES (378, 'TaShya', 'Dale', '2019-11-27', 4);
INSERT INTO `Customer` VALUES (379, 'Noble', 'Peters', '2019-06-19', 1);
INSERT INTO `Customer` VALUES (380, 'Clare', 'Taylor', '2019-05-27', 1);
INSERT INTO `Customer` VALUES (381, 'Quincy', 'Chaney', '2019-07-30', 1);
INSERT INTO `Customer` VALUES (382, 'Emerson', 'Carpenter', '2019-09-20', 1);
INSERT INTO `Customer` VALUES (383, 'Freya', 'Callahan', '2020-03-31', NULL);
INSERT INTO `Customer` VALUES (384, 'Sloane', 'Robles', '2019-08-15', 1);
INSERT INTO `Customer` VALUES (385, 'Indira', 'Price', '2020-02-24', 6);
INSERT INTO `Customer` VALUES (386, 'Nehru', 'Alexander', '2019-06-09', 1);
INSERT INTO `Customer` VALUES (387, 'Leah', 'Sims', '2019-07-25', 1);
INSERT INTO `Customer` VALUES (388, 'Justina', 'Hartman', '2019-05-21', 1);
INSERT INTO `Customer` VALUES (389, 'Dale', 'Brewer', '2019-09-01', 1);
INSERT INTO `Customer` VALUES (390, 'Randall', 'Franks', '2019-09-30', 1);
INSERT INTO `Customer` VALUES (391, 'Ann', 'Casey', '2020-03-22', NULL);
INSERT INTO `Customer` VALUES (392, 'Martha', 'Sloan', '2019-05-26', 1);
INSERT INTO `Customer` VALUES (393, 'Colette', 'Goodwin', '2020-02-26', 6);
INSERT INTO `Customer` VALUES (394, 'Sharon', 'Newton', '2020-03-06', 6);
INSERT INTO `Customer` VALUES (395, 'Thomas', 'Mccarthy', '2019-10-06', 1);
INSERT INTO `Customer` VALUES (396, 'Beau', 'Stout', '2020-01-28', 5);
INSERT INTO `Customer` VALUES (397, 'Shelly', 'Scott', '2020-04-06', NULL);
INSERT INTO `Customer` VALUES (398, 'Uriah', 'Hodges', '2019-11-14', 2);
INSERT INTO `Customer` VALUES (399, 'Cooper', 'Ellis', '2019-10-30', 2);
INSERT INTO `Customer` VALUES (400, 'Dante', 'Robertson', '2020-02-09', 6);
INSERT INTO `Customer` VALUES (401, 'Imelda', 'Stevens', '2019-07-20', 1);
INSERT INTO `Customer` VALUES (402, 'Claire', 'Livingston', '2020-05-03', NULL);
INSERT INTO `Customer` VALUES (403, 'Vaughan', 'Thompson', '2019-07-29', 1);
INSERT INTO `Customer` VALUES (404, 'Donovan', 'Rivers', '2019-08-11', 1);
INSERT INTO `Customer` VALUES (405, 'Hector', 'Newton', '2019-07-17', 1);
INSERT INTO `Customer` VALUES (406, 'Garrison', 'Fitzpatrick', '2019-12-15', 5);
INSERT INTO `Customer` VALUES (407, 'Judith', 'Hendrix', '2019-10-10', 1);
INSERT INTO `Customer` VALUES (408, 'Pamela', 'Sears', '2020-01-28', 5);
INSERT INTO `Customer` VALUES (409, 'April', 'Santiago', '2019-07-28', 1);
INSERT INTO `Customer` VALUES (410, 'Ciaran', 'Pope', '2019-06-03', 1);
INSERT INTO `Customer` VALUES (411, 'Nevada', 'Cain', '2019-05-15', 1);
INSERT INTO `Customer` VALUES (412, 'Pamela', 'Collier', '2019-12-16', 5);
INSERT INTO `Customer` VALUES (413, 'Adria', 'Morgan', '2019-07-02', 1);
INSERT INTO `Customer` VALUES (414, 'Zeph', 'Perkins', '2020-03-22', NULL);
INSERT INTO `Customer` VALUES (415, 'Thaddeus', 'Campos', '2019-06-12', 1);
INSERT INTO `Customer` VALUES (416, 'Brandon', 'Miller', '2019-10-11', 1);
INSERT INTO `Customer` VALUES (417, 'Melinda', 'Nolan', '2019-07-25', 1);
INSERT INTO `Customer` VALUES (418, 'Rafael', 'Chapman', '2020-02-15', 6);
INSERT INTO `Customer` VALUES (419, 'Lee', 'Garcia', '2020-03-27', NULL);
INSERT INTO `Customer` VALUES (420, 'Mohammad', 'Salazar', '2019-12-11', 5);
INSERT INTO `Customer` VALUES (421, 'Remedios', 'Norton', '2020-01-28', 5);
INSERT INTO `Customer` VALUES (422, 'Sawyer', 'Combs', '2020-02-16', 6);
INSERT INTO `Customer` VALUES (423, 'Alfreda', 'Dickson', '2020-03-17', NULL);
INSERT INTO `Customer` VALUES (424, 'Karyn', 'Holland', '2020-03-24', NULL);
INSERT INTO `Customer` VALUES (425, 'Isabelle', 'Becker', '2019-08-27', 1);
INSERT INTO `Customer` VALUES (426, 'Hanae', 'Gallegos', '2020-04-13', NULL);
INSERT INTO `Customer` VALUES (427, 'Preston', 'Zimmerman', '2019-11-09', 2);
INSERT INTO `Customer` VALUES (428, 'Ora', 'Wells', '2020-01-18', 5);
INSERT INTO `Customer` VALUES (429, 'Vance', 'Floyd', '2019-10-21', 2);
INSERT INTO `Customer` VALUES (430, 'Dane', 'Hess', '2020-03-04', 6);
INSERT INTO `Customer` VALUES (431, 'Caldwell', 'Vargas', '2019-09-25', 1);
INSERT INTO `Customer` VALUES (432, 'Leila', 'Wade', '2020-02-22', 6);
INSERT INTO `Customer` VALUES (433, 'Karly', 'Waters', '2019-06-24', 1);
INSERT INTO `Customer` VALUES (434, 'Abbot', 'Cobb', '2020-02-16', 6);
INSERT INTO `Customer` VALUES (435, 'Finn', 'Cobb', '2019-07-31', 1);
INSERT INTO `Customer` VALUES (436, 'Byron', 'Black', '2019-12-01', 4);
INSERT INTO `Customer` VALUES (437, 'Colt', 'Stevens', '2019-11-16', 2);
INSERT INTO `Customer` VALUES (438, 'Eagan', 'Ruiz', '2019-11-13', 2);
INSERT INTO `Customer` VALUES (439, 'Zenaida', 'Sloan', '2019-10-27', 2);
INSERT INTO `Customer` VALUES (440, 'Vernon', 'Case', '2019-10-12', 1);
INSERT INTO `Customer` VALUES (441, 'Irene', 'Kirby', '2020-05-06', NULL);
INSERT INTO `Customer` VALUES (442, 'Luke', 'Evans', '2019-07-17', 1);
INSERT INTO `Customer` VALUES (443, 'Isaac', 'Austin', '2019-07-07', 1);
INSERT INTO `Customer` VALUES (444, 'Kenneth', 'Santiago', '2020-01-23', 5);
INSERT INTO `Customer` VALUES (445, 'Colleen', 'Gilliam', '2019-10-23', 2);
INSERT INTO `Customer` VALUES (446, 'Reece', 'Cain', '2019-12-01', 4);
INSERT INTO `Customer` VALUES (447, 'Aladdin', 'Bishop', '2019-08-31', 1);
INSERT INTO `Customer` VALUES (448, 'Clare', 'Beach', '2019-08-09', 1);
INSERT INTO `Customer` VALUES (449, 'Giselle', 'Farley', '2019-07-12', 1);
INSERT INTO `Customer` VALUES (450, 'Eaton', 'Tillman', '2020-01-06', 5);
INSERT INTO `Customer` VALUES (451, 'Simon', 'Sykes', '2020-03-05', 6);
INSERT INTO `Customer` VALUES (452, 'Kamal', 'Burns', '2020-02-17', 6);
INSERT INTO `Customer` VALUES (453, 'Dana', 'Booth', '2020-02-06', 6);
INSERT INTO `Customer` VALUES (454, 'Aphrodite', 'Foley', '2019-06-22', 1);
INSERT INTO `Customer` VALUES (455, 'Jillian', 'Stevenson', '2020-03-07', 6);
INSERT INTO `Customer` VALUES (456, 'Claudia', 'Whitney', '2019-09-12', 1);
INSERT INTO `Customer` VALUES (457, 'Brent', 'Rivers', '2019-05-28', 1);
INSERT INTO `Customer` VALUES (458, 'Alexandra', 'Contreras', '2019-10-28', 2);
INSERT INTO `Customer` VALUES (459, 'Callie', 'Kramer', '2019-08-07', 1);
INSERT INTO `Customer` VALUES (460, 'Amaya', 'Avila', '2019-08-15', 1);
INSERT INTO `Customer` VALUES (461, 'Marah', 'Mclaughlin', '2019-11-07', 2);
INSERT INTO `Customer` VALUES (462, 'Rebecca', 'Moses', '2020-03-29', NULL);
INSERT INTO `Customer` VALUES (463, 'Elliott', 'Cunningham', '2019-06-29', 1);
INSERT INTO `Customer` VALUES (464, 'Aretha', 'Riggs', '2019-08-12', 1);
INSERT INTO `Customer` VALUES (465, 'Michael', 'Aguilar', '2020-02-25', 6);
INSERT INTO `Customer` VALUES (466, 'Kaseem', 'Roy', '2020-01-10', 5);
INSERT INTO `Customer` VALUES (467, 'Octavius', 'Bridges', '2019-06-29', 1);
INSERT INTO `Customer` VALUES (468, 'Evangeline', 'Brock', '2020-01-03', 5);
INSERT INTO `Customer` VALUES (469, 'Aaron', 'Benton', '2019-09-01', 1);
INSERT INTO `Customer` VALUES (470, 'Flavia', 'Clements', '2019-11-21', 2);
INSERT INTO `Customer` VALUES (471, 'Acton', 'Osborne', '2019-09-18', 1);
INSERT INTO `Customer` VALUES (472, 'Malcolm', 'French', '2020-01-10', 5);
INSERT INTO `Customer` VALUES (473, 'Mollie', 'Mckee', '2019-07-03', 1);
INSERT INTO `Customer` VALUES (474, 'Lawrence', 'Cote', '2019-09-20', 1);
INSERT INTO `Customer` VALUES (475, 'Keith', 'Spencer', '2019-09-03', 1);
INSERT INTO `Customer` VALUES (476, 'Burke', 'Abbott', '2019-12-08', 5);
INSERT INTO `Customer` VALUES (477, 'Prescott', 'Osborne', '2019-08-28', 1);
INSERT INTO `Customer` VALUES (478, 'Josiah', 'Velasquez', '2019-06-13', 1);
INSERT INTO `Customer` VALUES (479, 'Zelda', 'Mcconnell', '2019-08-28', 1);
INSERT INTO `Customer` VALUES (480, 'Guinevere', 'Sims', '2020-01-08', 5);
INSERT INTO `Customer` VALUES (481, 'Cyrus', 'Boyd', '2019-11-03', 2);
INSERT INTO `Customer` VALUES (482, 'Violet', 'Bryant', '2020-04-25', NULL);
INSERT INTO `Customer` VALUES (483, 'Ima', 'Schroeder', '2019-06-02', 1);
INSERT INTO `Customer` VALUES (484, 'Hop', 'Roman', '2019-06-12', 1);
INSERT INTO `Customer` VALUES (485, 'Stacy', 'Campbell', '2020-04-11', NULL);
INSERT INTO `Customer` VALUES (486, 'Sylvia', 'Ruiz', '2019-12-15', 5);
INSERT INTO `Customer` VALUES (487, 'Irene', 'Leblanc', '2020-04-01', NULL);
INSERT INTO `Customer` VALUES (488, 'Asher', 'Holman', '2019-09-06', 1);
INSERT INTO `Customer` VALUES (489, 'Lyle', 'Cooke', '2020-01-05', 5);
INSERT INTO `Customer` VALUES (490, 'Reece', 'Ashley', '2019-07-07', 1);
INSERT INTO `Customer` VALUES (491, 'Jeanette', 'Cardenas', '2019-07-08', 1);
INSERT INTO `Customer` VALUES (492, 'Dante', 'Paul', '2020-05-09', NULL);
INSERT INTO `Customer` VALUES (493, 'Maryam', 'Jordan', '2020-02-09', 6);
INSERT INTO `Customer` VALUES (494, 'Colin', 'Anderson', '2020-05-11', NULL);
INSERT INTO `Customer` VALUES (495, 'Paki', 'Fitzgerald', '2019-09-14', 1);
INSERT INTO `Customer` VALUES (496, 'Declan', 'Bowers', '2019-10-16', 2);
INSERT INTO `Customer` VALUES (497, 'Beau', 'Bartlett', '2020-02-19', 6);
INSERT INTO `Customer` VALUES (498, 'Alexandra', 'Bryan', '2019-10-21', 2);
INSERT INTO `Customer` VALUES (499, 'Amber', 'Graves', '2019-10-08', 1);
INSERT INTO `Customer` VALUES (500, 'Cheyenne', 'Glass', '2020-05-02', NULL);
INSERT INTO `Customer` VALUES (501, 'Shea', 'Cotton', '2020-02-12', 6);
INSERT INTO `Customer` VALUES (502, 'Beck', 'Cain', '2019-12-15', 5);
INSERT INTO `Customer` VALUES (503, 'Dillon', 'Hansen', '2019-06-15', 1);
INSERT INTO `Customer` VALUES (504, 'Idona', 'Reynolds', '2019-05-21', 1);
INSERT INTO `Customer` VALUES (505, 'Kyle', 'Schroeder', '2019-06-14', 1);
INSERT INTO `Customer` VALUES (506, 'Chantale', 'Keith', '2020-04-06', NULL);
INSERT INTO `Customer` VALUES (507, 'Yolanda', 'Nieves', '2020-01-15', 5);
INSERT INTO `Customer` VALUES (508, 'Hu', 'Velazquez', '2019-10-31', 2);
INSERT INTO `Customer` VALUES (509, 'Mohammad', 'Dennis', '2019-11-24', 4);
INSERT INTO `Customer` VALUES (510, 'Cruz', 'Smith', '2019-07-21', 1);
INSERT INTO `Customer` VALUES (511, 'Nissim', 'Sampson', '2020-03-25', NULL);
INSERT INTO `Customer` VALUES (512, 'Chancellor', 'Lawson', '2019-08-16', 1);
INSERT INTO `Customer` VALUES (513, 'Hu', 'Clarke', '2019-05-24', 1);
INSERT INTO `Customer` VALUES (514, 'Garth', 'Dunn', '2020-02-25', 6);
INSERT INTO `Customer` VALUES (515, 'Tanya', 'Rowland', '2019-07-20', 1);
INSERT INTO `Customer` VALUES (516, 'Keiko', 'Ferrell', '2019-06-13', 1);
INSERT INTO `Customer` VALUES (517, 'Uriah', 'Dodson', '2020-02-03', 5);
INSERT INTO `Customer` VALUES (518, 'Constance', 'Cabrera', '2020-01-18', 5);
INSERT INTO `Customer` VALUES (519, 'Harriet', 'Burris', '2019-09-10', 1);
INSERT INTO `Customer` VALUES (520, 'Kylee', 'Brock', '2019-07-04', 1);
INSERT INTO `Customer` VALUES (521, 'Blair', 'Conley', '2019-09-22', 1);
INSERT INTO `Customer` VALUES (522, 'Gregory', 'Rodriquez', '2020-01-16', 5);
INSERT INTO `Customer` VALUES (523, 'Vaughan', 'Rivera', '2020-02-06', 6);
INSERT INTO `Customer` VALUES (524, 'Lysandra', 'Ball', '2019-12-15', 5);
INSERT INTO `Customer` VALUES (525, 'Nayda', 'Hudson', '2020-03-26', NULL);
INSERT INTO `Customer` VALUES (526, 'Jolie', 'Swanson', '2019-09-30', 1);
INSERT INTO `Customer` VALUES (527, 'Sarah', 'Holloway', '2019-07-23', 1);
INSERT INTO `Customer` VALUES (528, 'Velma', 'Gutierrez', '2019-06-16', 1);
INSERT INTO `Customer` VALUES (529, 'Ocean', 'Rollins', '2020-01-13', 5);
INSERT INTO `Customer` VALUES (530, 'Hayes', 'Watts', '2020-03-14', NULL);
INSERT INTO `Customer` VALUES (531, 'Grady', 'Crosby', '2019-12-15', 5);
INSERT INTO `Customer` VALUES (532, 'Gregory', 'Hunter', '2020-03-26', NULL);
INSERT INTO `Customer` VALUES (533, 'Hamish', 'Travis', '2019-11-28', 4);
INSERT INTO `Customer` VALUES (534, 'Elton', 'Salazar', '2019-12-20', 5);
INSERT INTO `Customer` VALUES (535, 'George', 'Case', '2019-09-26', 1);
INSERT INTO `Customer` VALUES (536, 'Keely', 'Pace', '2019-07-10', 1);
INSERT INTO `Customer` VALUES (537, 'Caldwell', 'Mcmillan', '2020-01-25', 5);
INSERT INTO `Customer` VALUES (538, 'Keane', 'Cook', '2020-03-23', NULL);
INSERT INTO `Customer` VALUES (539, 'Akeem', 'Hodges', '2019-10-09', 1);
INSERT INTO `Customer` VALUES (540, 'Veda', 'Monroe', '2020-03-27', NULL);
INSERT INTO `Customer` VALUES (541, 'Kareem', 'Gillespie', '2019-07-08', 1);
INSERT INTO `Customer` VALUES (542, 'Renee', 'Patrick', '2019-11-07', 2);
INSERT INTO `Customer` VALUES (543, 'Dai', 'Rutledge', '2019-11-22', 2);
INSERT INTO `Customer` VALUES (544, 'Kermit', 'Sherman', '2019-07-12', 1);
INSERT INTO `Customer` VALUES (545, 'Alika', 'Glenn', '2019-11-04', 2);
INSERT INTO `Customer` VALUES (546, 'Nayda', 'Wilkerson', '2019-10-15', 2);
INSERT INTO `Customer` VALUES (547, 'Hakeem', 'Chase', '2019-11-05', 2);
INSERT INTO `Customer` VALUES (548, 'Harlan', 'Duffy', '2019-08-05', 1);
INSERT INTO `Customer` VALUES (549, 'Harper', 'Barrett', '2020-02-11', 6);
INSERT INTO `Customer` VALUES (550, 'Kieran', 'Burch', '2019-10-15', 2);
INSERT INTO `Customer` VALUES (551, 'Malachi', 'Mosley', '2020-01-12', 5);
INSERT INTO `Customer` VALUES (552, 'Amos', 'Knox', '2020-01-24', 5);
INSERT INTO `Customer` VALUES (553, 'Luke', 'Little', '2020-04-06', NULL);
INSERT INTO `Customer` VALUES (554, 'Beck', 'Alexander', '2020-04-14', NULL);
INSERT INTO `Customer` VALUES (555, 'Victor', 'Casey', '2019-06-27', 1);
INSERT INTO `Customer` VALUES (556, 'Drake', 'Shepard', '2020-01-31', 5);
INSERT INTO `Customer` VALUES (557, 'Iris', 'Boyle', '2019-12-05', 5);
INSERT INTO `Customer` VALUES (558, 'Wylie', 'Guerrero', '2020-04-13', NULL);
INSERT INTO `Customer` VALUES (559, 'Sybill', 'Reed', '2020-02-28', 6);
INSERT INTO `Customer` VALUES (560, 'Bert', 'Britt', '2020-03-10', 6);
INSERT INTO `Customer` VALUES (561, 'Zenaida', 'Neal', '2020-01-28', 5);
INSERT INTO `Customer` VALUES (562, 'Luke', 'Fields', '2019-08-17', 1);
INSERT INTO `Customer` VALUES (563, 'Scarlet', 'Cote', '2019-05-31', 1);
INSERT INTO `Customer` VALUES (564, 'Eugenia', 'Mckee', '2019-07-19', 1);
INSERT INTO `Customer` VALUES (565, 'Nora', 'Mcdowell', '2020-01-30', 5);
INSERT INTO `Customer` VALUES (566, 'Timon', 'Price', '2019-08-27', 1);
INSERT INTO `Customer` VALUES (567, 'Tanisha', 'Wood', '2020-04-07', NULL);
INSERT INTO `Customer` VALUES (568, 'Jenette', 'Moody', '2019-06-18', 1);
INSERT INTO `Customer` VALUES (569, 'Cadman', 'Harper', '2020-01-19', 5);
INSERT INTO `Customer` VALUES (570, 'Logan', 'Mann', '2019-08-26', 1);
INSERT INTO `Customer` VALUES (571, 'Zeus', 'Mcbride', '2020-01-27', 5);
INSERT INTO `Customer` VALUES (572, 'Yvette', 'Stokes', '2019-10-21', 2);
INSERT INTO `Customer` VALUES (573, 'Jason', 'Wise', '2019-12-03', 4);
INSERT INTO `Customer` VALUES (574, 'Bruce', 'Farley', '2020-02-16', 6);
INSERT INTO `Customer` VALUES (575, 'Kieran', 'Morris', '2019-05-28', 1);
INSERT INTO `Customer` VALUES (576, 'Ira', 'Whitley', '2019-12-06', 5);
INSERT INTO `Customer` VALUES (577, 'Colby', 'Chang', '2019-07-05', 1);
INSERT INTO `Customer` VALUES (578, 'Zia', 'Carpenter', '2020-02-08', 6);
INSERT INTO `Customer` VALUES (579, 'Jared', 'Britt', '2019-06-23', 1);
INSERT INTO `Customer` VALUES (580, 'Alec', 'Joyce', '2020-03-07', 6);
INSERT INTO `Customer` VALUES (581, 'Sybil', 'Swanson', '2019-10-22', 2);
INSERT INTO `Customer` VALUES (582, 'Risa', 'Austin', '2019-10-03', 1);
INSERT INTO `Customer` VALUES (583, 'Josephine', 'Wade', '2019-06-20', 1);
INSERT INTO `Customer` VALUES (584, 'Brenden', 'Glenn', '2020-02-17', 6);
INSERT INTO `Customer` VALUES (585, 'Adrienne', 'Bird', '2020-02-11', 6);
INSERT INTO `Customer` VALUES (586, 'Fiona', 'Bond', '2019-07-30', 1);
INSERT INTO `Customer` VALUES (587, 'Meredith', 'Drake', '2019-07-04', 1);
INSERT INTO `Customer` VALUES (588, 'Priscilla', 'Aguirre', '2019-06-18', 1);
INSERT INTO `Customer` VALUES (589, 'Emmanuel', 'Shaffer', '2020-03-03', 6);
INSERT INTO `Customer` VALUES (590, 'Gray', 'Ross', '2019-05-20', 1);
INSERT INTO `Customer` VALUES (591, 'Ramona', 'Kelley', '2020-01-22', 5);
INSERT INTO `Customer` VALUES (592, 'Kirestin', 'Berry', '2020-02-18', 6);
INSERT INTO `Customer` VALUES (593, 'Jermaine', 'Simon', '2020-03-18', NULL);
INSERT INTO `Customer` VALUES (594, 'Clinton', 'Powell', '2019-10-23', 2);
INSERT INTO `Customer` VALUES (595, 'Keely', 'Bright', '2019-08-03', 1);
INSERT INTO `Customer` VALUES (596, 'Beatrice', 'Valencia', '2020-05-05', NULL);
INSERT INTO `Customer` VALUES (597, 'Benjamin', 'Diaz', '2019-10-04', 1);
INSERT INTO `Customer` VALUES (598, 'Brennan', 'Eaton', '2019-09-01', 1);
INSERT INTO `Customer` VALUES (599, 'Elizabeth', 'Malone', '2020-03-01', 6);
INSERT INTO `Customer` VALUES (600, 'Kevyn', 'Romero', '2019-12-05', 5);
INSERT INTO `Customer` VALUES (601, 'Lester', 'Burke', '2019-10-22', 2);
INSERT INTO `Customer` VALUES (602, 'Debra', 'Chapman', '2019-12-26', 5);
INSERT INTO `Customer` VALUES (603, 'Callum', 'Frost', '2020-04-24', NULL);
INSERT INTO `Customer` VALUES (604, 'Baxter', 'Horne', '2019-12-26', 5);
INSERT INTO `Customer` VALUES (605, 'Breanna', 'Donaldson', '2019-12-25', 5);
INSERT INTO `Customer` VALUES (606, 'Bryar', 'Blair', '2019-06-20', 1);
INSERT INTO `Customer` VALUES (607, 'Hadassah', 'Schultz', '2019-08-03', 1);
INSERT INTO `Customer` VALUES (608, 'Willow', 'Russell', '2019-06-08', 1);
INSERT INTO `Customer` VALUES (609, 'Tyrone', 'Robinson', '2019-12-11', 5);
INSERT INTO `Customer` VALUES (610, 'Fitzgerald', 'Dunlap', '2019-11-18', 2);
INSERT INTO `Customer` VALUES (611, 'Cameron', 'Santiago', '2020-02-16', 6);
INSERT INTO `Customer` VALUES (612, 'Cathleen', 'Hurst', '2019-10-15', 2);
INSERT INTO `Customer` VALUES (613, 'Suki', 'Pace', '2019-10-06', 1);
INSERT INTO `Customer` VALUES (614, 'Vera', 'Dawson', '2019-08-15', 1);
INSERT INTO `Customer` VALUES (615, 'Magee', 'Copeland', '2019-11-26', 4);
INSERT INTO `Customer` VALUES (616, 'Christine', 'Manning', '2019-11-28', 4);
INSERT INTO `Customer` VALUES (617, 'Zephania', 'Barker', '2019-10-24', 2);
INSERT INTO `Customer` VALUES (618, 'Barrett', 'Pate', '2019-10-23', 2);
INSERT INTO `Customer` VALUES (619, 'Chancellor', 'Mcfarland', '2019-12-08', 5);
INSERT INTO `Customer` VALUES (620, 'Ralph', 'Ward', '2019-07-23', 1);
INSERT INTO `Customer` VALUES (621, 'Raya', 'Delaney', '2019-05-20', 1);
INSERT INTO `Customer` VALUES (622, 'Brian', 'Henson', '2019-06-13', 1);
INSERT INTO `Customer` VALUES (623, 'Wang', 'Hayden', '2019-10-16', 2);
INSERT INTO `Customer` VALUES (624, 'Victor', 'Gilliam', '2019-09-19', 1);
INSERT INTO `Customer` VALUES (625, 'Zane', 'Molina', '2019-10-26', 2);
INSERT INTO `Customer` VALUES (626, 'Dylan', 'Short', '2020-03-05', 6);
INSERT INTO `Customer` VALUES (627, 'Kelly', 'Petty', '2020-02-18', 6);
INSERT INTO `Customer` VALUES (628, 'Alden', 'Owens', '2020-03-29', NULL);
INSERT INTO `Customer` VALUES (629, 'Justine', 'Graves', '2020-02-13', 6);
INSERT INTO `Customer` VALUES (630, 'Yuri', 'Chan', '2019-07-06', 1);
INSERT INTO `Customer` VALUES (631, 'Isaac', 'Roth', '2020-03-29', NULL);
INSERT INTO `Customer` VALUES (632, 'Cailin', 'Hurley', '2019-12-08', 5);
INSERT INTO `Customer` VALUES (633, 'Lacy', 'Peters', '2020-03-08', 6);
INSERT INTO `Customer` VALUES (634, 'Guy', 'Chaney', '2019-07-22', 1);
INSERT INTO `Customer` VALUES (635, 'Callie', 'Nixon', '2020-04-14', NULL);
INSERT INTO `Customer` VALUES (636, 'Julie', 'Park', '2020-03-26', NULL);
INSERT INTO `Customer` VALUES (637, 'Macey', 'Peterson', '2020-01-04', 5);
INSERT INTO `Customer` VALUES (638, 'Ulysses', 'Butler', '2020-04-26', NULL);
INSERT INTO `Customer` VALUES (639, 'Zeph', 'Washington', '2020-04-01', NULL);
INSERT INTO `Customer` VALUES (640, 'Dane', 'Galloway', '2020-01-08', 5);
INSERT INTO `Customer` VALUES (641, 'Ursa', 'Buck', '2019-06-17', 1);
INSERT INTO `Customer` VALUES (642, 'Bryar', 'Delaney', '2019-12-20', 5);
INSERT INTO `Customer` VALUES (643, 'Scarlet', 'Haynes', '2019-09-25', 1);
INSERT INTO `Customer` VALUES (644, 'Kibo', 'Odom', '2019-06-07', 1);
INSERT INTO `Customer` VALUES (645, 'Colt', 'Hunter', '2019-11-14', 2);
INSERT INTO `Customer` VALUES (646, 'Barry', 'Glenn', '2019-10-27', 2);
INSERT INTO `Customer` VALUES (647, 'Valentine', 'Daniels', '2019-10-26', 2);
INSERT INTO `Customer` VALUES (648, 'Uma', 'Carrillo', '2020-04-01', NULL);
INSERT INTO `Customer` VALUES (649, 'Benedict', 'Bates', '2019-11-26', 4);
INSERT INTO `Customer` VALUES (650, 'Alec', 'Carrillo', '2020-03-27', NULL);
INSERT INTO `Customer` VALUES (651, 'Trevor', 'Daniels', '2020-02-13', 6);
INSERT INTO `Customer` VALUES (652, 'Ashely', 'Crawford', '2020-04-18', NULL);
INSERT INTO `Customer` VALUES (653, 'Fleur', 'Underwood', '2019-11-16', 2);
INSERT INTO `Customer` VALUES (654, 'Inez', 'Stephenson', '2019-06-09', 1);
INSERT INTO `Customer` VALUES (655, 'Aristotle', 'Weiss', '2019-11-16', 2);
INSERT INTO `Customer` VALUES (656, 'Micah', 'Mccormick', '2019-09-02', 1);
INSERT INTO `Customer` VALUES (657, 'Cathleen', 'Cooley', '2020-04-26', NULL);
INSERT INTO `Customer` VALUES (658, 'Evangeline', 'Davenport', '2020-03-13', NULL);
INSERT INTO `Customer` VALUES (659, 'Ainsley', 'Drake', '2019-11-15', 2);
INSERT INTO `Customer` VALUES (660, 'Travis', 'Marshall', '2020-02-03', 5);
INSERT INTO `Customer` VALUES (661, 'Quinn', 'Barrett', '2019-11-07', 2);
INSERT INTO `Customer` VALUES (662, 'Melinda', 'Woodward', '2019-12-26', 5);
INSERT INTO `Customer` VALUES (663, 'Ross', 'Williams', '2019-09-27', 1);
INSERT INTO `Customer` VALUES (664, 'Martena', 'Robinson', '2019-05-20', 1);
INSERT INTO `Customer` VALUES (665, 'Denton', 'Greer', '2020-02-28', 6);
INSERT INTO `Customer` VALUES (666, 'Regina', 'Stephens', '2019-07-24', 1);
INSERT INTO `Customer` VALUES (667, 'Bruce', 'Beasley', '2019-08-25', 1);
INSERT INTO `Customer` VALUES (668, 'Rhona', 'Wilkerson', '2020-05-05', NULL);
INSERT INTO `Customer` VALUES (669, 'Genevieve', 'Mosley', '2019-09-02', 1);
INSERT INTO `Customer` VALUES (670, 'Uriah', 'Roberson', '2019-09-12', 1);
INSERT INTO `Customer` VALUES (671, 'Kelly', 'Knight', '2019-07-19', 1);
INSERT INTO `Customer` VALUES (672, 'Theodore', 'Best', '2019-09-07', 1);
INSERT INTO `Customer` VALUES (673, 'Hedy', 'James', '2019-06-13', 1);
INSERT INTO `Customer` VALUES (674, 'Abraham', 'Fox', '2019-08-15', 1);
INSERT INTO `Customer` VALUES (675, 'Colorado', 'Hammond', '2019-09-04', 1);
INSERT INTO `Customer` VALUES (676, 'Coby', 'Morales', '2019-10-04', 1);
INSERT INTO `Customer` VALUES (677, 'Reed', 'Dunn', '2019-11-30', 4);
INSERT INTO `Customer` VALUES (678, 'Desiree', 'Joseph', '2019-09-04', 1);
INSERT INTO `Customer` VALUES (679, 'Allegra', 'James', '2020-02-19', 6);
INSERT INTO `Customer` VALUES (680, 'Adrienne', 'Camacho', '2020-03-13', NULL);
INSERT INTO `Customer` VALUES (681, 'Jeanette', 'Carrillo', '2019-09-10', 1);
INSERT INTO `Customer` VALUES (682, 'David', 'Robertson', '2019-10-10', 1);
INSERT INTO `Customer` VALUES (683, 'Cora', 'Becker', '2019-11-19', 2);
INSERT INTO `Customer` VALUES (684, 'Brendan', 'Morin', '2019-10-28', 2);
INSERT INTO `Customer` VALUES (685, 'Ariana', 'Alexander', '2019-08-05', 1);
INSERT INTO `Customer` VALUES (686, 'Dieter', 'Hurst', '2019-05-23', 1);
INSERT INTO `Customer` VALUES (687, 'Madonna', 'Martin', '2019-08-29', 1);
INSERT INTO `Customer` VALUES (688, 'Reed', 'Holt', '2019-06-20', 1);
INSERT INTO `Customer` VALUES (689, 'Gregory', 'Ashley', '2019-11-20', 2);
INSERT INTO `Customer` VALUES (690, 'Ali', 'Cummings', '2019-08-05', 1);
INSERT INTO `Customer` VALUES (691, 'Eliana', 'Short', '2020-03-27', NULL);
INSERT INTO `Customer` VALUES (692, 'Cailin', 'Cross', '2019-05-23', 1);
INSERT INTO `Customer` VALUES (693, 'Piper', 'Becker', '2019-11-14', 2);
INSERT INTO `Customer` VALUES (694, 'Alexa', 'Nguyen', '2020-03-22', NULL);
INSERT INTO `Customer` VALUES (695, 'Indigo', 'Eaton', '2020-01-02', 5);
INSERT INTO `Customer` VALUES (696, 'Jordan', 'Alvarado', '2019-06-11', 1);
INSERT INTO `Customer` VALUES (697, 'Tamara', 'Sears', '2020-02-19', 6);
INSERT INTO `Customer` VALUES (698, 'Louis', 'Holden', '2019-09-25', 1);
INSERT INTO `Customer` VALUES (699, 'Helen', 'Kaufman', '2019-11-21', 2);
INSERT INTO `Customer` VALUES (700, 'Karina', 'Stevens', '2019-06-03', 1);
INSERT INTO `Customer` VALUES (701, 'Isadora', 'Griffin', '2019-12-28', 5);
INSERT INTO `Customer` VALUES (702, 'Rhiannon', 'Hatfield', '2019-07-25', 1);
INSERT INTO `Customer` VALUES (703, 'Xaviera', 'Goff', '2020-01-03', 5);
INSERT INTO `Customer` VALUES (704, 'Rose', 'Howe', '2020-01-28', 5);
INSERT INTO `Customer` VALUES (705, 'Urielle', 'Simon', '2019-10-25', 2);
INSERT INTO `Customer` VALUES (706, 'Abra', 'Brooks', '2019-08-29', 1);
INSERT INTO `Customer` VALUES (707, 'Abraham', 'Page', '2019-05-13', 1);
INSERT INTO `Customer` VALUES (708, 'Emma', 'Cantu', '2019-08-28', 1);
INSERT INTO `Customer` VALUES (709, 'Barclay', 'Lowe', '2019-10-01', 1);
INSERT INTO `Customer` VALUES (710, 'Diana', 'Bright', '2019-08-30', 1);
INSERT INTO `Customer` VALUES (711, 'Athena', 'Stephens', '2019-12-11', 5);
INSERT INTO `Customer` VALUES (712, 'Wang', 'Howell', '2019-12-26', 5);
INSERT INTO `Customer` VALUES (713, 'Alexander', 'Mcclure', '2019-11-08', 2);
INSERT INTO `Customer` VALUES (714, 'Rina', 'Ward', '2019-08-17', 1);
INSERT INTO `Customer` VALUES (715, 'Marah', 'Sanford', '2019-07-30', 1);
INSERT INTO `Customer` VALUES (716, 'Mary', 'Schmidt', '2019-11-01', 2);
INSERT INTO `Customer` VALUES (717, 'Maisie', 'Riggs', '2019-05-22', 1);
INSERT INTO `Customer` VALUES (718, 'Neil', 'Dotson', '2019-09-04', 1);
INSERT INTO `Customer` VALUES (719, 'Warren', 'Lawrence', '2020-04-07', NULL);
INSERT INTO `Customer` VALUES (720, 'Andrew', 'Fitzgerald', '2020-04-14', NULL);
INSERT INTO `Customer` VALUES (721, 'Scarlet', 'Stark', '2020-01-21', 5);
INSERT INTO `Customer` VALUES (722, 'Noelle', 'Conrad', '2020-02-25', 6);
INSERT INTO `Customer` VALUES (723, 'Emmanuel', 'Sherman', '2020-03-09', 6);
INSERT INTO `Customer` VALUES (724, 'Xaviera', 'Flores', '2020-05-05', NULL);
INSERT INTO `Customer` VALUES (725, 'Jade', 'Bentley', '2020-01-25', 5);
INSERT INTO `Customer` VALUES (726, 'Matthew', 'Burks', '2019-05-31', 1);
INSERT INTO `Customer` VALUES (727, 'Daniel', 'Lynn', '2019-06-25', 1);
INSERT INTO `Customer` VALUES (728, 'Zachery', 'Hurley', '2019-08-25', 1);
INSERT INTO `Customer` VALUES (729, 'Clio', 'Mack', '2019-07-28', 1);
INSERT INTO `Customer` VALUES (730, 'Alec', 'Briggs', '2020-04-06', NULL);
INSERT INTO `Customer` VALUES (731, 'Lamar', 'Knight', '2019-05-18', 1);
INSERT INTO `Customer` VALUES (732, 'Nomlanga', 'Zamora', '2019-07-13', 1);
INSERT INTO `Customer` VALUES (733, 'Robert', 'Silva', '2019-12-14', 5);
INSERT INTO `Customer` VALUES (734, 'Rooney', 'Vazquez', '2019-07-10', 1);
INSERT INTO `Customer` VALUES (735, 'Veda', 'Hart', '2019-11-06', 2);
INSERT INTO `Customer` VALUES (736, 'Kirestin', 'Paul', '2020-03-01', 6);
INSERT INTO `Customer` VALUES (737, 'Aaron', 'Conley', '2019-11-25', 4);
INSERT INTO `Customer` VALUES (738, 'Dale', 'Haney', '2020-03-26', NULL);
INSERT INTO `Customer` VALUES (739, 'Prescott', 'Schroeder', '2019-09-03', 1);
INSERT INTO `Customer` VALUES (740, 'Cheryl', 'Reyes', '2020-04-23', NULL);
INSERT INTO `Customer` VALUES (741, 'Karleigh', 'Cameron', '2019-06-30', 1);
INSERT INTO `Customer` VALUES (742, 'Althea', 'Contreras', '2020-05-01', NULL);
INSERT INTO `Customer` VALUES (743, 'Steel', 'Klein', '2020-02-05', 5);
INSERT INTO `Customer` VALUES (744, 'Kermit', 'Summers', '2020-04-14', NULL);
INSERT INTO `Customer` VALUES (745, 'Ulysses', 'Mueller', '2019-10-18', 2);
INSERT INTO `Customer` VALUES (746, 'Lillith', 'Short', '2019-08-10', 1);
INSERT INTO `Customer` VALUES (747, 'Kareem', 'Wolfe', '2019-11-10', 2);
INSERT INTO `Customer` VALUES (748, 'Rigel', 'Frye', '2019-11-11', 2);
INSERT INTO `Customer` VALUES (749, 'Aidan', 'Johns', '2019-06-29', 1);
INSERT INTO `Customer` VALUES (750, 'Vladimir', 'Cash', '2019-08-20', 1);
INSERT INTO `Customer` VALUES (751, 'Tyler', 'Schroeder', '2019-06-07', 1);
INSERT INTO `Customer` VALUES (752, 'Marcia', 'Cummings', '2019-05-29', 1);
INSERT INTO `Customer` VALUES (753, 'Rhea', 'Curtis', '2019-12-19', 5);
INSERT INTO `Customer` VALUES (754, 'Akeem', 'Cunningham', '2020-04-16', NULL);
INSERT INTO `Customer` VALUES (755, 'Brock', 'Lamb', '2019-09-30', 1);
INSERT INTO `Customer` VALUES (756, 'Orli', 'Wyatt', '2019-07-24', 1);
INSERT INTO `Customer` VALUES (757, 'Colton', 'Leon', '2019-05-12', 1);
INSERT INTO `Customer` VALUES (758, 'Sade', 'Lynn', '2020-01-14', 5);
INSERT INTO `Customer` VALUES (759, 'Darryl', 'Long', '2020-05-01', NULL);
INSERT INTO `Customer` VALUES (760, 'Astra', 'Holcomb', '2020-01-19', 5);
INSERT INTO `Customer` VALUES (761, 'Shelley', 'Underwood', '2020-01-31', 5);
INSERT INTO `Customer` VALUES (762, 'Nomlanga', 'Mccall', '2020-04-26', NULL);
INSERT INTO `Customer` VALUES (763, 'Xerxes', 'Huber', '2019-09-29', 1);
INSERT INTO `Customer` VALUES (764, 'Keiko', 'Sloan', '2019-11-20', 2);
INSERT INTO `Customer` VALUES (765, 'Cheryl', 'Harmon', '2020-01-29', 5);
INSERT INTO `Customer` VALUES (766, 'Yoshio', 'Patel', '2020-02-27', 6);
INSERT INTO `Customer` VALUES (767, 'Arthur', 'Ortiz', '2020-02-23', 6);
INSERT INTO `Customer` VALUES (768, 'Emmanuel', 'Calhoun', '2019-10-19', 2);
INSERT INTO `Customer` VALUES (769, 'Meredith', 'Solomon', '2020-04-03', NULL);
INSERT INTO `Customer` VALUES (770, 'Kibo', 'Bruce', '2019-11-13', 2);
INSERT INTO `Customer` VALUES (771, 'Illana', 'Strickland', '2019-12-22', 5);
INSERT INTO `Customer` VALUES (772, 'Jacob', 'Underwood', '2019-09-15', 1);
INSERT INTO `Customer` VALUES (773, 'Ulysses', 'Harris', '2020-04-07', NULL);
INSERT INTO `Customer` VALUES (774, 'Lenore', 'Farmer', '2020-04-06', NULL);
INSERT INTO `Customer` VALUES (775, 'Chantale', 'Villarreal', '2019-10-10', 1);
INSERT INTO `Customer` VALUES (776, 'Daria', 'Oconnor', '2020-02-12', 6);
INSERT INTO `Customer` VALUES (777, 'Jeanette', 'Diaz', '2020-03-17', NULL);
INSERT INTO `Customer` VALUES (778, 'Lance', 'Nelson', '2019-06-18', 1);
INSERT INTO `Customer` VALUES (779, 'Garrett', 'Carter', '2019-09-14', 1);
INSERT INTO `Customer` VALUES (780, 'Wanda', 'Jenkins', '2020-05-11', NULL);
INSERT INTO `Customer` VALUES (781, 'Phelan', 'Walker', '2019-08-08', 1);
INSERT INTO `Customer` VALUES (782, 'Brett', 'Mercer', '2020-04-19', NULL);
INSERT INTO `Customer` VALUES (783, 'Cassandra', 'Hood', '2019-07-05', 1);
INSERT INTO `Customer` VALUES (784, 'Neil', 'Mcintosh', '2019-08-05', 1);
INSERT INTO `Customer` VALUES (785, 'Uriah', 'Savage', '2019-07-30', 1);
INSERT INTO `Customer` VALUES (786, 'Lionel', 'Pratt', '2019-06-28', 1);
INSERT INTO `Customer` VALUES (787, 'Eagan', 'Flynn', '2019-10-16', 2);
INSERT INTO `Customer` VALUES (788, 'Lisandra', 'Lyons', '2019-06-06', 1);
INSERT INTO `Customer` VALUES (789, 'Nehru', 'Sloan', '2019-08-10', 1);
INSERT INTO `Customer` VALUES (790, 'Wyatt', 'French', '2019-06-11', 1);
INSERT INTO `Customer` VALUES (791, 'Jessamine', 'Evans', '2019-10-07', 1);
INSERT INTO `Customer` VALUES (792, 'Hayley', 'Vance', '2019-05-31', 1);
INSERT INTO `Customer` VALUES (793, 'Beau', 'Parks', '2019-12-07', 5);
INSERT INTO `Customer` VALUES (794, 'Coby', 'Guerra', '2020-02-16', 6);
INSERT INTO `Customer` VALUES (795, 'Ignacia', 'Palmer', '2019-10-27', 2);
INSERT INTO `Customer` VALUES (796, 'Thaddeus', 'Kelley', '2019-05-26', 1);
INSERT INTO `Customer` VALUES (797, 'Zane', 'Roman', '2020-02-14', 6);
INSERT INTO `Customer` VALUES (798, 'Solomon', 'Wong', '2019-08-08', 1);
INSERT INTO `Customer` VALUES (799, 'Rana', 'Campbell', '2020-04-09', NULL);
INSERT INTO `Customer` VALUES (800, 'Chiquita', 'Bradshaw', '2020-04-24', NULL);
INSERT INTO `Customer` VALUES (801, 'Thane', 'Whitaker', '2019-09-25', 1);
INSERT INTO `Customer` VALUES (802, 'Kennan', 'Dickerson', '2019-09-30', 1);
INSERT INTO `Customer` VALUES (803, 'Valentine', 'Barrett', '2019-06-25', 1);
INSERT INTO `Customer` VALUES (804, 'Edward', 'Shannon', '2019-05-29', 1);
INSERT INTO `Customer` VALUES (805, 'Jarrod', 'Hebert', '2019-09-13', 1);
INSERT INTO `Customer` VALUES (806, 'Piper', 'Mcmillan', '2019-12-14', 5);
INSERT INTO `Customer` VALUES (807, 'Ali', 'Chang', '2020-03-02', 6);
INSERT INTO `Customer` VALUES (808, 'Jane', 'Barrett', '2019-11-14', 2);
INSERT INTO `Customer` VALUES (809, 'Xander', 'Lancaster', '2020-04-19', NULL);
INSERT INTO `Customer` VALUES (810, 'Karina', 'Valencia', '2019-11-19', 2);
INSERT INTO `Customer` VALUES (811, 'Illana', 'Holmes', '2019-08-31', 1);
INSERT INTO `Customer` VALUES (812, 'Julie', 'Cannon', '2019-07-22', 1);
INSERT INTO `Customer` VALUES (813, 'Cadman', 'Griffith', '2019-07-08', 1);
INSERT INTO `Customer` VALUES (814, 'Raymond', 'Goodwin', '2019-05-16', 1);
INSERT INTO `Customer` VALUES (815, 'Lane', 'Berg', '2019-12-07', 5);
INSERT INTO `Customer` VALUES (816, 'Unity', 'Meyer', '2019-10-08', 1);
INSERT INTO `Customer` VALUES (817, 'Hope', 'Olson', '2019-08-05', 1);
INSERT INTO `Customer` VALUES (818, 'Igor', 'Grant', '2020-03-12', NULL);
INSERT INTO `Customer` VALUES (819, 'Garrison', 'Pitts', '2019-12-03', 4);
INSERT INTO `Customer` VALUES (820, 'Zelenia', 'Walsh', '2019-06-05', 1);
INSERT INTO `Customer` VALUES (821, 'Emma', 'Sampson', '2020-03-22', NULL);
INSERT INTO `Customer` VALUES (822, 'Declan', 'Reynolds', '2020-03-06', 6);
INSERT INTO `Customer` VALUES (823, 'Kiara', 'Baker', '2020-01-02', 5);
INSERT INTO `Customer` VALUES (824, 'Blaze', 'Gomez', '2019-06-15', 1);
INSERT INTO `Customer` VALUES (825, 'Jacob', 'Schneider', '2020-04-26', NULL);
INSERT INTO `Customer` VALUES (826, 'Illana', 'May', '2019-05-29', 1);
INSERT INTO `Customer` VALUES (827, 'Julian', 'Hewitt', '2019-09-20', 1);
INSERT INTO `Customer` VALUES (828, 'Francis', 'Ward', '2019-12-24', 5);
INSERT INTO `Customer` VALUES (829, 'September', 'Powers', '2020-05-02', NULL);
INSERT INTO `Customer` VALUES (830, 'Lucian', 'Mclaughlin', '2020-03-23', NULL);
INSERT INTO `Customer` VALUES (831, 'William', 'Hartman', '2019-08-22', 1);
INSERT INTO `Customer` VALUES (832, 'Raven', 'Clarke', '2020-03-08', 6);
INSERT INTO `Customer` VALUES (833, 'Catherine', 'Colon', '2019-11-27', 4);
INSERT INTO `Customer` VALUES (834, 'Christen', 'Rivas', '2020-04-23', NULL);
INSERT INTO `Customer` VALUES (835, 'Isaac', 'Dickson', '2019-11-06', 2);
INSERT INTO `Customer` VALUES (836, 'Aurora', 'Lamb', '2020-02-02', 5);
INSERT INTO `Customer` VALUES (837, 'Henry', 'Castillo', '2019-06-07', 1);
INSERT INTO `Customer` VALUES (838, 'Astra', 'Justice', '2019-12-17', 5);
INSERT INTO `Customer` VALUES (839, 'Lucius', 'Oneal', '2020-04-27', NULL);
INSERT INTO `Customer` VALUES (840, 'Aimee', 'Noble', '2019-05-14', 1);
INSERT INTO `Customer` VALUES (841, 'Vaughan', 'Talley', '2019-05-26', 1);
INSERT INTO `Customer` VALUES (842, 'Yvonne', 'Lester', '2019-09-03', 1);
INSERT INTO `Customer` VALUES (843, 'Quentin', 'Ford', '2020-01-18', 5);
INSERT INTO `Customer` VALUES (844, 'Timon', 'Gill', '2019-12-08', 5);
INSERT INTO `Customer` VALUES (845, 'Kermit', 'Shepard', '2019-07-07', 1);
INSERT INTO `Customer` VALUES (846, 'Orli', 'Peterson', '2020-04-20', NULL);
INSERT INTO `Customer` VALUES (847, 'Deanna', 'Whitehead', '2019-10-01', 1);
INSERT INTO `Customer` VALUES (848, 'Ignacia', 'Bray', '2019-11-01', 2);
INSERT INTO `Customer` VALUES (849, 'Ginger', 'Harrison', '2019-10-13', 1);
INSERT INTO `Customer` VALUES (850, 'Zelda', 'Phillips', '2019-08-04', 1);
INSERT INTO `Customer` VALUES (851, 'Melodie', 'Keller', '2019-12-30', 5);
INSERT INTO `Customer` VALUES (852, 'Amanda', 'Benjamin', '2019-08-30', 1);
INSERT INTO `Customer` VALUES (853, 'Sybil', 'Burgess', '2020-01-11', 5);
INSERT INTO `Customer` VALUES (854, 'Wyatt', 'Oneill', '2020-01-21', 5);
INSERT INTO `Customer` VALUES (855, 'Gavin', 'Gilmore', '2020-03-06', 6);
INSERT INTO `Customer` VALUES (856, 'Armand', 'Guthrie', '2019-08-15', 1);
INSERT INTO `Customer` VALUES (857, 'Palmer', 'Conley', '2019-06-19', 1);
INSERT INTO `Customer` VALUES (858, 'Patricia', 'Barnett', '2019-11-07', 2);
INSERT INTO `Customer` VALUES (859, 'Hyatt', 'Wilcox', '2019-06-19', 1);
INSERT INTO `Customer` VALUES (860, 'Armando', 'Garrison', '2019-09-16', 1);
INSERT INTO `Customer` VALUES (861, 'Dolan', 'Allison', '2019-12-11', 5);
INSERT INTO `Customer` VALUES (862, 'Todd', 'Bender', '2019-08-29', 1);
INSERT INTO `Customer` VALUES (863, 'Tiger', 'Glover', '2019-07-08', 1);
INSERT INTO `Customer` VALUES (864, 'Ashton', 'Talley', '2020-05-09', NULL);
INSERT INTO `Customer` VALUES (865, 'Zeph', 'Hancock', '2020-03-12', NULL);
INSERT INTO `Customer` VALUES (866, 'Davis', 'Richardson', '2019-12-31', 5);
INSERT INTO `Customer` VALUES (867, 'Marvin', 'Reid', '2019-06-16', 1);
INSERT INTO `Customer` VALUES (868, 'Carly', 'James', '2019-09-23', 1);
INSERT INTO `Customer` VALUES (869, 'Caryn', 'Haney', '2019-06-01', 1);
INSERT INTO `Customer` VALUES (870, 'Sophia', 'Simmons', '2019-12-31', 5);
INSERT INTO `Customer` VALUES (871, 'Hedy', 'Fowler', '2020-03-29', NULL);
INSERT INTO `Customer` VALUES (872, 'Delilah', 'Tran', '2020-03-01', 6);
INSERT INTO `Customer` VALUES (873, 'Jonas', 'Morris', '2019-06-22', 1);
INSERT INTO `Customer` VALUES (874, 'Stella', 'Woods', '2019-10-31', 2);
INSERT INTO `Customer` VALUES (875, 'Brynne', 'Chandler', '2020-02-10', 6);
INSERT INTO `Customer` VALUES (876, 'Desirae', 'Nolan', '2019-08-26', 1);
INSERT INTO `Customer` VALUES (877, 'Kevyn', 'Sweeney', '2019-08-29', 1);
INSERT INTO `Customer` VALUES (878, 'Basia', 'Larsen', '2019-11-02', 2);
INSERT INTO `Customer` VALUES (879, 'Florence', 'Hahn', '2020-05-08', NULL);
INSERT INTO `Customer` VALUES (880, 'Hannah', 'Dickson', '2019-06-18', 1);
INSERT INTO `Customer` VALUES (881, 'Uriel', 'Romero', '2020-04-09', NULL);
INSERT INTO `Customer` VALUES (882, 'Alfreda', 'Solis', '2019-10-21', 2);
INSERT INTO `Customer` VALUES (883, 'September', 'Floyd', '2019-06-08', 1);
INSERT INTO `Customer` VALUES (884, 'Norman', 'Grimes', '2020-05-07', NULL);
INSERT INTO `Customer` VALUES (885, 'Brody', 'Gomez', '2019-11-02', 2);
INSERT INTO `Customer` VALUES (886, 'Jakeem', 'Hall', '2019-08-15', 1);
INSERT INTO `Customer` VALUES (887, 'Ashely', 'Tran', '2019-07-21', 1);
INSERT INTO `Customer` VALUES (888, 'Moses', 'Bolton', '2019-07-06', 1);
INSERT INTO `Customer` VALUES (889, 'Chandler', 'Foster', '2019-09-11', 1);
INSERT INTO `Customer` VALUES (890, 'Emery', 'Tyson', '2019-10-05', 1);
INSERT INTO `Customer` VALUES (891, 'Ezra', 'Carson', '2019-12-23', 5);
INSERT INTO `Customer` VALUES (892, 'Nissim', 'Petersen', '2020-04-03', NULL);
INSERT INTO `Customer` VALUES (893, 'Salvador', 'Guthrie', '2019-07-07', 1);
INSERT INTO `Customer` VALUES (894, 'Yael', 'Jacobs', '2019-09-22', 1);
INSERT INTO `Customer` VALUES (895, 'Harlan', 'Watkins', '2020-01-26', 5);
INSERT INTO `Customer` VALUES (896, 'Ruth', 'Baird', '2019-11-26', 4);
INSERT INTO `Customer` VALUES (897, 'Christian', 'Marks', '2020-04-25', NULL);
INSERT INTO `Customer` VALUES (898, 'Ralph', 'Mclean', '2019-07-29', 1);
INSERT INTO `Customer` VALUES (899, 'Judith', 'Tanner', '2019-08-01', 1);
INSERT INTO `Customer` VALUES (900, 'Hyacinth', 'Wade', '2019-12-29', 5);
INSERT INTO `Customer` VALUES (901, 'Ulric', 'Hood', '2019-05-26', 1);
INSERT INTO `Customer` VALUES (902, 'Patricia', 'Woodard', '2019-09-07', 1);
INSERT INTO `Customer` VALUES (903, 'Adena', 'Roy', '2019-05-21', 1);
INSERT INTO `Customer` VALUES (904, 'Joy', 'Shepard', '2019-11-30', 4);
INSERT INTO `Customer` VALUES (905, 'May', 'Wong', '2020-01-03', 5);
INSERT INTO `Customer` VALUES (906, 'Timon', 'Jennings', '2020-05-10', NULL);
INSERT INTO `Customer` VALUES (907, 'Malachi', 'Skinner', '2020-04-10', NULL);
INSERT INTO `Customer` VALUES (908, 'Lester', 'Matthews', '2019-06-15', 1);
INSERT INTO `Customer` VALUES (909, 'Axel', 'Parrish', '2019-06-11', 1);
INSERT INTO `Customer` VALUES (910, 'Liberty', 'Bauer', '2020-01-06', 5);
INSERT INTO `Customer` VALUES (911, 'Paul', 'Cunningham', '2019-12-05', 5);
INSERT INTO `Customer` VALUES (912, 'Edan', 'Pearson', '2019-12-01', 4);
INSERT INTO `Customer` VALUES (913, 'Yoko', 'Calderon', '2019-05-30', 1);
INSERT INTO `Customer` VALUES (914, 'Mohammad', 'Harmon', '2019-11-19', 2);
INSERT INTO `Customer` VALUES (915, 'Kasper', 'Rasmussen', '2019-10-15', 2);
INSERT INTO `Customer` VALUES (916, 'Gary', 'Suarez', '2019-10-16', 2);
INSERT INTO `Customer` VALUES (917, 'Curran', 'Booth', '2019-11-17', 2);
INSERT INTO `Customer` VALUES (918, 'Adrian', 'Allison', '2020-04-29', NULL);
INSERT INTO `Customer` VALUES (919, 'Alexandra', 'Ortiz', '2019-11-22', 2);
INSERT INTO `Customer` VALUES (920, 'Daria', 'Griffin', '2019-12-16', 5);
INSERT INTO `Customer` VALUES (921, 'Elmo', 'Hinton', '2019-08-18', 1);
INSERT INTO `Customer` VALUES (922, 'Melvin', 'Sears', '2019-12-11', 5);
INSERT INTO `Customer` VALUES (923, 'Amos', 'Thomas', '2020-04-27', NULL);
INSERT INTO `Customer` VALUES (924, 'Nicholas', 'Franklin', '2020-03-12', NULL);
INSERT INTO `Customer` VALUES (925, 'Xander', 'English', '2020-01-06', 5);
INSERT INTO `Customer` VALUES (926, 'Mason', 'Brown', '2019-12-27', 5);
INSERT INTO `Customer` VALUES (927, 'Delilah', 'Ramirez', '2019-05-17', 1);
INSERT INTO `Customer` VALUES (928, 'Lucian', 'Madden', '2019-12-29', 5);
INSERT INTO `Customer` VALUES (929, 'Kalia', 'Holt', '2019-09-18', 1);
INSERT INTO `Customer` VALUES (930, 'Quail', 'Sanders', '2019-05-30', 1);
INSERT INTO `Customer` VALUES (931, 'Baxter', 'Dickerson', '2019-05-17', 1);
INSERT INTO `Customer` VALUES (932, 'Lee', 'West', '2020-01-15', 5);
INSERT INTO `Customer` VALUES (933, 'Abraham', 'Yates', '2019-10-29', 2);
INSERT INTO `Customer` VALUES (934, 'Kieran', 'Wilder', '2019-06-28', 1);
INSERT INTO `Customer` VALUES (935, 'April', 'Roberts', '2019-07-14', 1);
INSERT INTO `Customer` VALUES (936, 'Kibo', 'Howell', '2019-06-04', 1);
INSERT INTO `Customer` VALUES (937, 'Clarke', 'Guerra', '2019-09-28', 1);
INSERT INTO `Customer` VALUES (938, 'Sarah', 'Griffith', '2019-12-27', 5);
INSERT INTO `Customer` VALUES (939, 'Camille', 'Hess', '2020-02-13', 6);
INSERT INTO `Customer` VALUES (940, 'Anastasia', 'Crosby', '2020-04-26', NULL);
INSERT INTO `Customer` VALUES (941, 'Elton', 'Osborne', '2019-11-22', 2);
INSERT INTO `Customer` VALUES (942, 'Joel', 'Lyons', '2019-07-05', 1);
INSERT INTO `Customer` VALUES (943, 'Ivana', 'Head', '2019-09-15', 1);
INSERT INTO `Customer` VALUES (944, 'Beau', 'Kinney', '2019-07-16', 1);
INSERT INTO `Customer` VALUES (945, 'Richard', 'Haney', '2020-04-27', NULL);
INSERT INTO `Customer` VALUES (946, 'Aidan', 'Hayes', '2020-02-17', 6);
INSERT INTO `Customer` VALUES (947, 'Remedios', 'Norton', '2019-09-07', 1);
INSERT INTO `Customer` VALUES (948, 'Halee', 'Bowen', '2019-10-22', 2);
INSERT INTO `Customer` VALUES (949, 'Dane', 'Monroe', '2020-04-26', NULL);
INSERT INTO `Customer` VALUES (950, 'Sonya', 'Dixon', '2019-08-19', 1);
INSERT INTO `Customer` VALUES (951, 'Nathaniel', 'Spencer', '2019-08-05', 1);
INSERT INTO `Customer` VALUES (952, 'Phillip', 'Peterson', '2019-09-16', 1);
INSERT INTO `Customer` VALUES (953, 'Alice', 'Reid', '2019-07-05', 1);
INSERT INTO `Customer` VALUES (954, 'Desiree', 'Burris', '2020-05-06', NULL);
INSERT INTO `Customer` VALUES (955, 'Fulton', 'Cervantes', '2020-02-17', 6);
INSERT INTO `Customer` VALUES (956, 'Robert', 'Shepherd', '2019-10-26', 2);
INSERT INTO `Customer` VALUES (957, 'Jin', 'Garrison', '2019-08-03', 1);
INSERT INTO `Customer` VALUES (958, 'Medge', 'Horne', '2019-06-14', 1);
INSERT INTO `Customer` VALUES (959, 'Steven', 'Morales', '2019-05-24', 1);
INSERT INTO `Customer` VALUES (960, 'Maris', 'Kelly', '2020-03-30', NULL);
INSERT INTO `Customer` VALUES (961, 'Eden', 'Romero', '2019-12-13', 5);
INSERT INTO `Customer` VALUES (962, 'Vera', 'Bolton', '2019-06-09', 1);
INSERT INTO `Customer` VALUES (963, 'Paula', 'Levine', '2020-03-18', NULL);
INSERT INTO `Customer` VALUES (964, 'Damon', 'Bush', '2020-02-27', 6);
INSERT INTO `Customer` VALUES (965, 'Brenda', 'Pace', '2019-09-21', 1);
INSERT INTO `Customer` VALUES (966, 'Aileen', 'Vasquez', '2020-05-09', NULL);
INSERT INTO `Customer` VALUES (967, 'Malcolm', 'Elliott', '2020-03-27', NULL);
INSERT INTO `Customer` VALUES (968, 'Odette', 'Michael', '2019-07-09', 1);
INSERT INTO `Customer` VALUES (969, 'Rooney', 'Walsh', '2020-02-15', 6);
INSERT INTO `Customer` VALUES (970, 'Kristen', 'Matthews', '2019-10-01', 1);
INSERT INTO `Customer` VALUES (971, 'Cairo', 'Howard', '2020-01-08', 5);
INSERT INTO `Customer` VALUES (972, 'Brian', 'Gillespie', '2020-03-26', NULL);
INSERT INTO `Customer` VALUES (973, 'Shoshana', 'Patel', '2019-07-01', 1);
INSERT INTO `Customer` VALUES (974, 'Xaviera', 'Chan', '2020-03-11', 6);
INSERT INTO `Customer` VALUES (975, 'Ethan', 'Mays', '2019-06-07', 1);
INSERT INTO `Customer` VALUES (976, 'Karly', 'Grimes', '2020-02-27', 6);
INSERT INTO `Customer` VALUES (977, 'Ava', 'Larson', '2019-07-21', 1);
INSERT INTO `Customer` VALUES (978, 'Allen', 'Irwin', '2019-06-27', 1);
INSERT INTO `Customer` VALUES (979, 'Beck', 'Terry', '2020-04-13', NULL);
INSERT INTO `Customer` VALUES (980, 'Aimee', 'Bowen', '2019-06-17', 1);
INSERT INTO `Customer` VALUES (981, 'Lysandra', 'Thornton', '2019-08-13', 1);
INSERT INTO `Customer` VALUES (982, 'Petra', 'Mcbride', '2019-11-15', 2);
INSERT INTO `Customer` VALUES (983, 'Brett', 'Tillman', '2019-11-12', 2);
INSERT INTO `Customer` VALUES (984, 'Ryan', 'Armstrong', '2019-11-26', 4);
INSERT INTO `Customer` VALUES (985, 'Craig', 'Campbell', '2019-06-24', 1);
INSERT INTO `Customer` VALUES (986, 'Grady', 'Macias', '2020-01-31', 5);
INSERT INTO `Customer` VALUES (987, 'Jacob', 'Lamb', '2019-07-11', 1);
INSERT INTO `Customer` VALUES (988, 'Orson', 'Barton', '2019-11-05', 2);
INSERT INTO `Customer` VALUES (989, 'Norman', 'Whitney', '2019-05-20', 1);
INSERT INTO `Customer` VALUES (990, 'Anika', 'Britt', '2019-07-23', 1);
INSERT INTO `Customer` VALUES (991, 'Glenna', 'Howell', '2019-08-22', 1);
INSERT INTO `Customer` VALUES (992, 'Wynne', 'Ellis', '2019-06-04', 1);
INSERT INTO `Customer` VALUES (993, 'Edward', 'Castro', '2019-10-10', 1);
INSERT INTO `Customer` VALUES (994, 'Driscoll', 'Emerson', '2020-04-09', NULL);
INSERT INTO `Customer` VALUES (995, 'Palmer', 'Goff', '2019-08-02', 1);
INSERT INTO `Customer` VALUES (996, 'Logan', 'Vincent', '2020-01-15', 5);
INSERT INTO `Customer` VALUES (997, 'Kadeem', 'Peck', '2020-04-27', NULL);
INSERT INTO `Customer` VALUES (998, 'Regan', 'Schmidt', '2019-09-03', 1);
INSERT INTO `Customer` VALUES (999, 'Jackson', 'Summers', '2019-08-25', 1);
INSERT INTO `Customer` VALUES (1000, 'Lee', 'Hill', '2020-04-06', NULL);
INSERT INTO `Customer` VALUES (1001, 'Vernon', 'Burgess', '2019-07-03', 1);
INSERT INTO `Customer` VALUES (1002, 'Natalie', 'Park', '2020-05-06', NULL);
INSERT INTO `Customer` VALUES (1003, 'Jorden', 'Stout', '2020-02-20', 6);
INSERT INTO `Customer` VALUES (1004, 'Ross', 'Lopez', '2020-01-05', 5);
INSERT INTO `Customer` VALUES (1005, 'Iola', 'Gould', '2019-05-12', 1);
INSERT INTO `Customer` VALUES (1006, 'Dorian', 'Rodriguez', '2020-01-14', 5);
INSERT INTO `Customer` VALUES (1007, 'Reese', 'Dominguez', '2019-11-05', 2);
INSERT INTO `Customer` VALUES (1008, 'Austin', 'Carney', '2019-08-05', 1);
INSERT INTO `Customer` VALUES (1009, 'Tyrone', 'Carey', '2019-06-18', 1);
INSERT INTO `Customer` VALUES (1010, 'Tashya', 'Jackson', '2019-11-01', 2);
INSERT INTO `Customer` VALUES (1011, 'India', 'Walker', '2019-05-13', 1);
INSERT INTO `Customer` VALUES (1012, 'Kermit', 'Bryant', '2019-09-25', 1);
INSERT INTO `Customer` VALUES (1013, 'Zachery', 'England', '2019-06-01', 1);
INSERT INTO `Customer` VALUES (1014, 'Rae', 'Patterson', '2020-02-10', 6);
INSERT INTO `Customer` VALUES (1015, 'Christine', 'Mclaughlin', '2020-02-12', 6);
INSERT INTO `Customer` VALUES (1016, 'Eric', 'Puckett', '2019-11-26', 4);
INSERT INTO `Customer` VALUES (1017, 'Kenyon', 'Weiss', '2019-09-24', 1);
INSERT INTO `Customer` VALUES (1018, 'Brenden', 'Murray', '2020-01-23', 5);
INSERT INTO `Customer` VALUES (1019, 'Justin', 'Ferguson', '2019-12-30', 5);
INSERT INTO `Customer` VALUES (1020, 'Ginger', 'Kirk', '2019-10-18', 2);
INSERT INTO `Customer` VALUES (1021, 'Fletcher', 'Blevins', '2020-01-22', 5);
INSERT INTO `Customer` VALUES (1022, 'Sigourney', 'Zamora', '2019-10-06', 1);
INSERT INTO `Customer` VALUES (1023, 'Caesar', 'Kaufman', '2019-06-07', 1);
INSERT INTO `Customer` VALUES (1024, 'Deacon', 'Cantrell', '2020-04-08', NULL);
INSERT INTO `Customer` VALUES (1025, 'Elvis', 'Lancaster', '2019-10-23', 2);
INSERT INTO `Customer` VALUES (1026, 'Leo', 'Mcgowan', '2019-12-03', 4);
INSERT INTO `Customer` VALUES (1027, 'Steel', 'Holland', '2019-05-18', 1);
INSERT INTO `Customer` VALUES (1028, 'Gemma', 'Houston', '2019-06-22', 1);
INSERT INTO `Customer` VALUES (1029, 'Baker', 'Malone', '2019-11-01', 2);
INSERT INTO `Customer` VALUES (1030, 'Nevada', 'Harrington', '2020-01-10', 5);
INSERT INTO `Customer` VALUES (1031, 'MacKensie', 'Hendricks', '2020-03-27', NULL);
INSERT INTO `Customer` VALUES (1032, 'Daria', 'Valenzuela', '2019-05-18', 1);
INSERT INTO `Customer` VALUES (1033, 'Allistair', 'Harrell', '2019-06-23', 1);
INSERT INTO `Customer` VALUES (1034, 'Shelly', 'Knowles', '2020-03-18', NULL);
INSERT INTO `Customer` VALUES (1035, 'Barclay', 'Carroll', '2020-05-11', NULL);
INSERT INTO `Customer` VALUES (1036, 'Jason', 'Woods', '2019-10-20', 2);
INSERT INTO `Customer` VALUES (1037, 'Quinlan', 'Gaines', '2019-07-24', 1);
INSERT INTO `Customer` VALUES (1038, 'Cairo', 'Craig', '2019-06-10', 1);
INSERT INTO `Customer` VALUES (1039, 'Cameron', 'Walter', '2020-03-28', NULL);
INSERT INTO `Customer` VALUES (1040, 'Cheyenne', 'Carver', '2020-01-14', 5);
INSERT INTO `Customer` VALUES (1041, 'Hector', 'Coleman', '2019-12-18', 5);
INSERT INTO `Customer` VALUES (1042, 'Craig', 'Burks', '2019-10-02', 1);
INSERT INTO `Customer` VALUES (1043, 'Tamekah', 'Lucas', '2019-12-03', 4);
INSERT INTO `Customer` VALUES (1044, 'Thor', 'Graham', '2019-06-08', 1);
INSERT INTO `Customer` VALUES (1045, 'Caesar', 'Chavez', '2019-10-27', 2);
INSERT INTO `Customer` VALUES (1046, 'Kristen', 'Rhodes', '2020-02-27', 6);
INSERT INTO `Customer` VALUES (1047, 'Anika', 'Doyle', '2019-05-22', 1);
INSERT INTO `Customer` VALUES (1048, 'Kyla', 'Johns', '2020-04-12', NULL);
INSERT INTO `Customer` VALUES (1049, 'Audra', 'Morris', '2020-03-24', NULL);
INSERT INTO `Customer` VALUES (1050, 'Whilemina', 'Best', '2019-08-06', 1);
INSERT INTO `Customer` VALUES (1051, 'Mason', 'Shelton', '2020-03-11', 6);
INSERT INTO `Customer` VALUES (1052, 'Hanna', 'Carver', '2020-04-29', NULL);
INSERT INTO `Customer` VALUES (1053, 'Jerry', 'Dale', '2020-05-04', NULL);
INSERT INTO `Customer` VALUES (1054, 'Declan', 'Silva', '2020-03-05', 6);
INSERT INTO `Customer` VALUES (1055, 'Pascale', 'Adams', '2019-10-08', 1);
INSERT INTO `Customer` VALUES (1056, 'Owen', 'Pate', '2019-08-29', 1);
INSERT INTO `Customer` VALUES (1057, 'Nash', 'Fernandez', '2020-04-11', NULL);
INSERT INTO `Customer` VALUES (1058, 'Cassidy', 'Lamb', '2020-02-11', 6);
INSERT INTO `Customer` VALUES (1059, 'Courtney', 'Stephens', '2020-04-24', NULL);
INSERT INTO `Customer` VALUES (1060, 'Avram', 'Alexander', '2019-10-08', 1);
INSERT INTO `Customer` VALUES (1061, 'Marsden', 'Mcfadden', '2020-04-09', NULL);
INSERT INTO `Customer` VALUES (1062, 'Xyla', 'Delacruz', '2019-06-28', 1);
INSERT INTO `Customer` VALUES (1063, 'Pandora', 'Rios', '2019-06-22', 1);
INSERT INTO `Customer` VALUES (1064, 'Fallon', 'Stein', '2020-04-26', NULL);
INSERT INTO `Customer` VALUES (1065, 'Charles', 'Lang', '2019-12-19', 5);
INSERT INTO `Customer` VALUES (1066, 'Xanthus', 'Wynn', '2019-10-14', 1);
INSERT INTO `Customer` VALUES (1067, 'Lana', 'Miles', '2020-05-10', NULL);
INSERT INTO `Customer` VALUES (1068, 'Brenda', 'Michael', '2019-06-22', 1);
INSERT INTO `Customer` VALUES (1069, 'Macey', 'Harrell', '2020-05-06', NULL);
INSERT INTO `Customer` VALUES (1070, 'Carolyn', 'Valdez', '2019-11-26', 4);
INSERT INTO `Customer` VALUES (1071, 'Teegan', 'Maynard', '2020-01-11', 5);
INSERT INTO `Customer` VALUES (1072, 'Ferris', 'Goodman', '2020-04-24', NULL);
INSERT INTO `Customer` VALUES (1073, 'Danielle', 'Gibbs', '2020-01-11', 5);
INSERT INTO `Customer` VALUES (1074, 'Aubrey', 'Donovan', '2019-07-01', 1);
INSERT INTO `Customer` VALUES (1075, 'Adria', 'Horne', '2019-07-31', 1);
INSERT INTO `Customer` VALUES (1076, 'Jeanette', 'Villarreal', '2020-05-03', NULL);
INSERT INTO `Customer` VALUES (1077, 'Kristen', 'Barker', '2019-06-29', 1);
INSERT INTO `Customer` VALUES (1078, 'Phelan', 'Foreman', '2019-06-24', 1);
INSERT INTO `Customer` VALUES (1079, 'Faith', 'Mueller', '2020-03-19', NULL);
INSERT INTO `Customer` VALUES (1080, 'Macon', 'Sutton', '2019-10-27', 2);
INSERT INTO `Customer` VALUES (1081, 'Jamalia', 'Mendez', '2019-08-16', 1);
INSERT INTO `Customer` VALUES (1082, 'Freya', 'Hardin', '2019-09-07', 1);
INSERT INTO `Customer` VALUES (1083, 'Vera', 'Soto', '2019-11-15', 2);
INSERT INTO `Customer` VALUES (1084, 'Candace', 'Cox', '2019-12-10', 5);
INSERT INTO `Customer` VALUES (1085, 'Juliet', 'Bonner', '2020-05-05', NULL);
INSERT INTO `Customer` VALUES (1086, 'Kareem', 'Pruitt', '2019-08-07', 1);
INSERT INTO `Customer` VALUES (1087, 'Theodore', 'Rodgers', '2019-10-26', 2);
INSERT INTO `Customer` VALUES (1088, 'Kessie', 'Lyons', '2019-07-16', 1);
INSERT INTO `Customer` VALUES (1089, 'Ali', 'Holt', '2019-09-10', 1);
INSERT INTO `Customer` VALUES (1090, 'Mechelle', 'Schwartz', '2019-05-14', 1);
INSERT INTO `Customer` VALUES (1091, 'Lee', 'Tucker', '2019-10-21', 2);
INSERT INTO `Customer` VALUES (1092, 'Carter', 'Flowers', '2019-11-07', 2);
INSERT INTO `Customer` VALUES (1093, 'Kelly', 'Spence', '2019-07-30', 1);
INSERT INTO `Customer` VALUES (1094, 'Brittany', 'Emerson', '2019-11-08', 2);
INSERT INTO `Customer` VALUES (1095, 'Azalia', 'Cox', '2020-02-28', 6);
INSERT INTO `Customer` VALUES (1096, 'Todd', 'Mcdaniel', '2020-01-30', 5);
INSERT INTO `Customer` VALUES (1097, 'Minerva', 'Sykes', '2019-08-22', 1);
INSERT INTO `Customer` VALUES (1098, 'Harding', 'Joyce', '2019-10-05', 1);
INSERT INTO `Customer` VALUES (1099, 'Dante', 'Meyers', '2020-04-15', NULL);
INSERT INTO `Customer` VALUES (1100, 'Brock', 'Sargent', '2020-03-28', NULL);
INSERT INTO `Customer` VALUES (1101, 'Keegan', 'Smith', '2019-06-24', 1);
INSERT INTO `Customer` VALUES (1102, 'Deacon', 'Bridges', '2020-03-03', 6);
INSERT INTO `Customer` VALUES (1103, 'Elmo', 'Tran', '2020-03-23', NULL);
INSERT INTO `Customer` VALUES (1104, 'Quinn', 'Witt', '2019-12-30', 5);
INSERT INTO `Customer` VALUES (1105, 'Brynne', 'Vincent', '2020-01-09', 5);
INSERT INTO `Customer` VALUES (1106, 'Deirdre', 'Obrien', '2020-01-12', 5);
INSERT INTO `Customer` VALUES (1107, 'Erasmus', 'Fox', '2020-03-23', NULL);
INSERT INTO `Customer` VALUES (1108, 'Rhiannon', 'Hinton', '2020-02-12', 6);
INSERT INTO `Customer` VALUES (1109, 'Axel', 'Osborne', '2019-10-29', 2);
INSERT INTO `Customer` VALUES (1110, 'Sarah', 'Curtis', '2019-09-24', 1);
INSERT INTO `Customer` VALUES (1111, 'Macey', 'Kidd', '2019-09-23', 1);
INSERT INTO `Customer` VALUES (1112, 'Fletcher', 'Edwards', '2019-11-30', 4);
INSERT INTO `Customer` VALUES (1113, 'Zephr', 'Wells', '2020-04-21', NULL);
INSERT INTO `Customer` VALUES (1114, 'Desiree', 'Mays', '2020-02-08', 6);
INSERT INTO `Customer` VALUES (1115, 'Harrison', 'Workman', '2020-01-03', 5);
INSERT INTO `Customer` VALUES (1116, 'Alvin', 'Ayers', '2019-08-07', 1);
INSERT INTO `Customer` VALUES (1117, 'Zenia', 'Strickland', '2020-03-29', NULL);
INSERT INTO `Customer` VALUES (1118, 'Camille', 'Flowers', '2020-02-01', 5);
INSERT INTO `Customer` VALUES (1119, 'Jillian', 'Ferrell', '2019-08-08', 1);
INSERT INTO `Customer` VALUES (1120, 'Carissa', 'Sosa', '2019-07-25', 1);
INSERT INTO `Customer` VALUES (1121, 'Xander', 'Pickett', '2019-12-01', 4);
INSERT INTO `Customer` VALUES (1122, 'Francesca', 'Hamilton', '2019-12-04', 4);
INSERT INTO `Customer` VALUES (1123, 'Geoffrey', 'Odom', '2020-04-03', NULL);
INSERT INTO `Customer` VALUES (1124, 'Margaret', 'Mullen', '2019-07-14', 1);
INSERT INTO `Customer` VALUES (1125, 'Ross', 'Mack', '2019-10-09', 1);
INSERT INTO `Customer` VALUES (1126, 'Xandra', 'Larsen', '2019-11-27', 4);
INSERT INTO `Customer` VALUES (1127, 'Shellie', 'Obrien', '2019-11-19', 2);
INSERT INTO `Customer` VALUES (1128, 'Uriel', 'Mosley', '2019-08-18', 1);
INSERT INTO `Customer` VALUES (1129, 'Camden', 'Chen', '2019-08-13', 1);
INSERT INTO `Customer` VALUES (1130, 'Brendan', 'Pruitt', '2020-04-12', NULL);
INSERT INTO `Customer` VALUES (1131, 'Isaiah', 'Rivers', '2020-04-25', NULL);
INSERT INTO `Customer` VALUES (1132, 'Ivory', 'Ball', '2019-11-10', 2);
INSERT INTO `Customer` VALUES (1133, 'Germaine', 'Henry', '2019-11-18', 2);
INSERT INTO `Customer` VALUES (1134, 'Rae', 'Spears', '2020-01-14', 5);
INSERT INTO `Customer` VALUES (1135, 'Rae', 'Newman', '2020-01-02', 5);
INSERT INTO `Customer` VALUES (1136, 'Baxter', 'Pickett', '2019-09-25', 1);
INSERT INTO `Customer` VALUES (1137, 'Allegra', 'Travis', '2019-11-13', 2);
INSERT INTO `Customer` VALUES (1138, 'Noble', 'Atkins', '2019-07-27', 1);
INSERT INTO `Customer` VALUES (1139, 'Timon', 'Slater', '2019-11-29', 4);
INSERT INTO `Customer` VALUES (1140, 'Roanna', 'Gallagher', '2019-09-12', 1);
INSERT INTO `Customer` VALUES (1141, 'Elliott', 'Finch', '2019-12-04', 4);
INSERT INTO `Customer` VALUES (1142, 'Zephania', 'Wood', '2019-12-24', 5);
INSERT INTO `Customer` VALUES (1143, 'Bruno', 'Kline', '2019-10-26', 2);
INSERT INTO `Customer` VALUES (1144, 'Cleo', 'Park', '2019-08-08', 1);
INSERT INTO `Customer` VALUES (1145, 'Emily', 'Landry', '2019-07-24', 1);
INSERT INTO `Customer` VALUES (1146, 'Samantha', 'Levy', '2019-08-07', 1);
INSERT INTO `Customer` VALUES (1147, 'Tamekah', 'Cole', '2019-08-16', 1);
INSERT INTO `Customer` VALUES (1148, 'Slade', 'Wiggins', '2019-08-15', 1);
INSERT INTO `Customer` VALUES (1149, 'Minerva', 'Finley', '2019-10-01', 1);
INSERT INTO `Customer` VALUES (1150, 'Alvin', 'Weaver', '2019-06-01', 1);
INSERT INTO `Customer` VALUES (1151, 'Brandon', 'Jenkins', '2020-03-31', NULL);
INSERT INTO `Customer` VALUES (1152, 'Bert', 'Macdonald', '2020-04-14', NULL);
INSERT INTO `Customer` VALUES (1153, 'Rhiannon', 'Clements', '2019-09-30', 1);
INSERT INTO `Customer` VALUES (1154, 'Guinevere', 'Lucas', '2020-02-19', 6);
INSERT INTO `Customer` VALUES (1155, 'Yoko', 'Avery', '2020-01-10', 5);
INSERT INTO `Customer` VALUES (1156, 'Marvin', 'Oliver', '2019-12-08', 5);
INSERT INTO `Customer` VALUES (1157, 'Desirae', 'Slater', '2019-09-01', 1);
INSERT INTO `Customer` VALUES (1158, 'Alec', 'Davis', '2020-03-15', NULL);
INSERT INTO `Customer` VALUES (1159, 'Ella', 'Vinson', '2019-07-20', 1);
INSERT INTO `Customer` VALUES (1160, 'Hall', 'Aguirre', '2020-02-19', 6);
INSERT INTO `Customer` VALUES (1161, 'Natalie', 'Joyner', '2020-01-20', 5);
INSERT INTO `Customer` VALUES (1162, 'Malik', 'Ford', '2019-12-13', 5);
INSERT INTO `Customer` VALUES (1163, 'Oliver', 'Hobbs', '2020-03-15', NULL);
INSERT INTO `Customer` VALUES (1164, 'Illana', 'Kerr', '2020-02-19', 6);
INSERT INTO `Customer` VALUES (1165, 'Cheyenne', 'Long', '2019-10-26', 2);
INSERT INTO `Customer` VALUES (1166, 'Octavius', 'Good', '2020-01-27', 5);
INSERT INTO `Customer` VALUES (1167, 'Heidi', 'Mccray', '2020-04-19', NULL);
INSERT INTO `Customer` VALUES (1168, 'Gil', 'Roberts', '2020-03-19', NULL);
INSERT INTO `Customer` VALUES (1169, 'Victoria', 'Lindsey', '2020-04-16', NULL);
INSERT INTO `Customer` VALUES (1170, 'Nina', 'Contreras', '2020-02-15', 6);
INSERT INTO `Customer` VALUES (1171, 'Byron', 'Vincent', '2019-11-28', 4);
INSERT INTO `Customer` VALUES (1172, 'Plato', 'Floyd', '2020-02-12', 6);
INSERT INTO `Customer` VALUES (1173, 'Rowan', 'Mooney', '2020-02-15', 6);
INSERT INTO `Customer` VALUES (1174, 'Uriah', 'Chang', '2020-01-24', 5);
INSERT INTO `Customer` VALUES (1175, 'Kelsey', 'Silva', '2020-05-03', NULL);
INSERT INTO `Customer` VALUES (1176, 'Nola', 'Blankenship', '2019-10-02', 1);
INSERT INTO `Customer` VALUES (1177, 'Dahlia', 'Mendez', '2019-12-25', 5);
INSERT INTO `Customer` VALUES (1178, 'Jasmine', 'Pickett', '2019-08-23', 1);
INSERT INTO `Customer` VALUES (1179, 'Zelenia', 'Rush', '2019-11-11', 2);
INSERT INTO `Customer` VALUES (1180, 'Baker', 'Floyd', '2019-10-14', 1);
INSERT INTO `Customer` VALUES (1181, 'Brooke', 'Meyers', '2019-09-07', 1);
INSERT INTO `Customer` VALUES (1182, 'Jacob', 'Walters', '2020-03-03', 6);
INSERT INTO `Customer` VALUES (1183, 'Hakeem', 'Stein', '2019-06-30', 1);
INSERT INTO `Customer` VALUES (1184, 'Imani', 'Hall', '2020-05-05', NULL);
INSERT INTO `Customer` VALUES (1185, 'Cara', 'Crane', '2020-04-01', NULL);
INSERT INTO `Customer` VALUES (1186, 'Olga', 'Mcintyre', '2019-10-24', 2);
INSERT INTO `Customer` VALUES (1187, 'Palmer', 'Small', '2020-05-07', NULL);
INSERT INTO `Customer` VALUES (1188, 'Carson', 'Donaldson', '2019-07-19', 1);
INSERT INTO `Customer` VALUES (1189, 'Brock', 'Rivera', '2019-11-11', 2);
INSERT INTO `Customer` VALUES (1190, 'Vaughan', 'Stein', '2019-12-09', 5);
INSERT INTO `Customer` VALUES (1191, 'Baker', 'Ingram', '2019-12-31', 5);
INSERT INTO `Customer` VALUES (1192, 'Cade', 'Peters', '2020-02-16', 6);
INSERT INTO `Customer` VALUES (1193, 'Nyssa', 'Leblanc', '2020-04-06', NULL);
INSERT INTO `Customer` VALUES (1194, 'Holmes', 'Perez', '2020-05-01', NULL);
INSERT INTO `Customer` VALUES (1195, 'Yeo', 'Petty', '2019-11-13', 2);
INSERT INTO `Customer` VALUES (1196, 'Coby', 'Hardy', '2019-07-08', 1);
INSERT INTO `Customer` VALUES (1197, 'Camden', 'Vang', '2020-01-07', 5);
INSERT INTO `Customer` VALUES (1198, 'Walter', 'Norman', '2020-01-03', 5);
INSERT INTO `Customer` VALUES (1199, 'Calvin', 'Barnes', '2020-01-31', 5);
INSERT INTO `Customer` VALUES (1200, 'Darryl', 'Mueller', '2019-10-24', 2);
INSERT INTO `Customer` VALUES (1201, 'Dale', 'Webster', '2020-04-09', NULL);
INSERT INTO `Customer` VALUES (1202, 'Kelsey', 'Lowery', '2020-02-05', 5);
INSERT INTO `Customer` VALUES (1203, 'Brittany', 'Rodriguez', '2019-05-24', 1);
INSERT INTO `Customer` VALUES (1204, 'Marvin', 'Peters', '2020-05-03', NULL);
INSERT INTO `Customer` VALUES (1205, 'Beverly', 'Kirk', '2019-09-28', 1);
INSERT INTO `Customer` VALUES (1206, 'McKenzie', 'Moore', '2019-08-23', 1);
INSERT INTO `Customer` VALUES (1207, 'Wyatt', 'Tyson', '2020-05-07', NULL);
INSERT INTO `Customer` VALUES (1208, 'Upton', 'Kaufman', '2019-10-06', 1);
INSERT INTO `Customer` VALUES (1209, 'Dara', 'Jimenez', '2019-09-10', 1);
INSERT INTO `Customer` VALUES (1210, 'Dalton', 'Morse', '2019-09-29', 1);
INSERT INTO `Customer` VALUES (1211, 'Bruce', 'Ball', '2019-06-29', 1);
INSERT INTO `Customer` VALUES (1212, 'Hilel', 'Young', '2019-07-05', 1);
INSERT INTO `Customer` VALUES (1213, 'Michael', 'Deleon', '2020-01-15', 5);
INSERT INTO `Customer` VALUES (1214, 'Diana', 'Dickson', '2019-10-29', 2);
INSERT INTO `Customer` VALUES (1215, 'Lila', 'Durham', '2019-07-27', 1);
INSERT INTO `Customer` VALUES (1216, 'Kadeem', 'Yang', '2019-07-24', 1);
INSERT INTO `Customer` VALUES (1217, 'Erasmus', 'Small', '2020-03-17', NULL);
INSERT INTO `Customer` VALUES (1218, 'Eaton', 'Thomas', '2019-11-10', 2);
INSERT INTO `Customer` VALUES (1219, 'Rylee', 'Mcneil', '2019-10-15', 2);
INSERT INTO `Customer` VALUES (1220, 'Madeline', 'Silva', '2020-03-04', 6);
INSERT INTO `Customer` VALUES (1221, 'Mikayla', 'Hinton', '2020-02-27', 6);
INSERT INTO `Customer` VALUES (1222, 'Kirby', 'Francis', '2020-03-19', NULL);
INSERT INTO `Customer` VALUES (1223, 'Lucy', 'Hudson', '2019-08-28', 1);
INSERT INTO `Customer` VALUES (1224, 'Ronan', 'Webster', '2019-12-16', 5);
INSERT INTO `Customer` VALUES (1225, 'Salvador', 'Gordon', '2019-10-31', 2);
INSERT INTO `Customer` VALUES (1226, 'Ulric', 'Branch', '2020-01-23', 5);
INSERT INTO `Customer` VALUES (1227, 'Silas', 'Allen', '2019-07-05', 1);
INSERT INTO `Customer` VALUES (1228, 'Galvin', 'Powell', '2019-09-17', 1);
INSERT INTO `Customer` VALUES (1229, 'Dora', 'Soto', '2019-12-03', 4);
INSERT INTO `Customer` VALUES (1230, 'Amal', 'Cline', '2019-06-26', 1);
INSERT INTO `Customer` VALUES (1231, 'Celeste', 'Singleton', '2019-06-23', 1);
INSERT INTO `Customer` VALUES (1232, 'Lois', 'Baxter', '2020-01-11', 5);
INSERT INTO `Customer` VALUES (1233, 'Darryl', 'Fry', '2019-12-26', 5);
INSERT INTO `Customer` VALUES (1234, 'Laura', 'England', '2019-06-08', 1);
INSERT INTO `Customer` VALUES (1235, 'Chandler', 'Alston', '2019-11-19', 2);
INSERT INTO `Customer` VALUES (1236, 'George', 'Bryant', '2019-11-22', 2);
INSERT INTO `Customer` VALUES (1237, 'Halee', 'Foreman', '2020-01-12', 5);
INSERT INTO `Customer` VALUES (1238, 'Isabella', 'Casey', '2020-01-23', 5);
INSERT INTO `Customer` VALUES (1239, 'Walker', 'Houston', '2020-03-01', 6);
INSERT INTO `Customer` VALUES (1240, 'Kelsey', 'Dodson', '2020-04-16', NULL);
INSERT INTO `Customer` VALUES (1241, 'Stella', 'Huber', '2019-09-11', 1);
INSERT INTO `Customer` VALUES (1242, 'Chastity', 'Hernandez', '2019-10-30', 2);
INSERT INTO `Customer` VALUES (1243, 'Lunea', 'Jimenez', '2019-06-02', 1);
INSERT INTO `Customer` VALUES (1244, 'Chanda', 'Poole', '2020-04-25', NULL);
INSERT INTO `Customer` VALUES (1245, 'Gail', 'House', '2019-07-30', 1);
INSERT INTO `Customer` VALUES (1246, 'Colby', 'Mcfadden', '2020-02-24', 6);
INSERT INTO `Customer` VALUES (1247, 'Veda', 'Gonzales', '2020-03-01', 6);
INSERT INTO `Customer` VALUES (1248, 'Ali', 'Riggs', '2020-04-26', NULL);
INSERT INTO `Customer` VALUES (1249, 'Maxine', 'Sullivan', '2019-06-18', 1);
INSERT INTO `Customer` VALUES (1250, 'Paloma', 'Soto', '2019-11-14', 2);
INSERT INTO `Customer` VALUES (1251, 'Rina', 'Martinez', '2020-03-23', NULL);
INSERT INTO `Customer` VALUES (1252, 'Lynn', 'Shields', '2019-11-17', 2);
INSERT INTO `Customer` VALUES (1253, 'Keaton', 'Frost', '2020-01-01', 5);
INSERT INTO `Customer` VALUES (1254, 'Herman', 'Holden', '2020-03-24', NULL);
INSERT INTO `Customer` VALUES (1255, 'Guy', 'Mays', '2019-10-27', 2);
INSERT INTO `Customer` VALUES (1256, 'Barbara', 'Wolf', '2019-08-27', 1);
INSERT INTO `Customer` VALUES (1257, 'Yoshi', 'Stanton', '2019-12-23', 5);
INSERT INTO `Customer` VALUES (1258, 'Cole', 'Torres', '2019-11-18', 2);
INSERT INTO `Customer` VALUES (1259, 'Yasir', 'Hickman', '2019-10-08', 1);
INSERT INTO `Customer` VALUES (1260, 'Macon', 'Vaughan', '2019-06-03', 1);
INSERT INTO `Customer` VALUES (1261, 'Mara', 'Rasmussen', '2019-05-17', 1);
INSERT INTO `Customer` VALUES (1262, 'Rigel', 'Walters', '2020-02-16', 6);
INSERT INTO `Customer` VALUES (1263, 'Dakota', 'Vaughan', '2019-07-02', 1);
INSERT INTO `Customer` VALUES (1264, 'Gray', 'Ellison', '2019-07-07', 1);
INSERT INTO `Customer` VALUES (1265, 'Harper', 'Terrell', '2019-06-12', 1);
INSERT INTO `Customer` VALUES (1266, 'Miranda', 'Montoya', '2020-04-15', NULL);
INSERT INTO `Customer` VALUES (1267, 'Joan', 'Melendez', '2020-02-14', 6);
INSERT INTO `Customer` VALUES (1268, 'Phoebe', 'Owen', '2020-01-20', 5);
INSERT INTO `Customer` VALUES (1269, 'Merritt', 'Glass', '2019-10-06', 1);
INSERT INTO `Customer` VALUES (1270, 'Darius', 'Dotson', '2019-07-26', 1);
INSERT INTO `Customer` VALUES (1271, 'Dante', 'Pearson', '2019-11-01', 2);
INSERT INTO `Customer` VALUES (1272, 'Driscoll', 'Lowe', '2019-12-21', 5);
INSERT INTO `Customer` VALUES (1273, 'Timothy', 'Shields', '2019-09-10', 1);
INSERT INTO `Customer` VALUES (1274, 'Keelie', 'Peterson', '2019-08-09', 1);
INSERT INTO `Customer` VALUES (1275, 'Skyler', 'Boone', '2020-03-25', NULL);
INSERT INTO `Customer` VALUES (1276, 'George', 'Daniels', '2020-02-17', 6);
INSERT INTO `Customer` VALUES (1277, 'Mason', 'Hunt', '2019-09-10', 1);
INSERT INTO `Customer` VALUES (1278, 'Arden', 'Rose', '2019-05-19', 1);
INSERT INTO `Customer` VALUES (1279, 'April', 'Livingston', '2020-05-05', NULL);
INSERT INTO `Customer` VALUES (1280, 'Thane', 'Burnett', '2019-07-27', 1);
INSERT INTO `Customer` VALUES (1281, 'Walker', 'Hunter', '2019-09-27', 1);
INSERT INTO `Customer` VALUES (1282, 'August', 'Sanchez', '2020-03-09', 6);
INSERT INTO `Customer` VALUES (1283, 'Alfonso', 'Jacobson', '2020-02-06', 6);
INSERT INTO `Customer` VALUES (1284, 'Rowan', 'Gutierrez', '2019-07-17', 1);
INSERT INTO `Customer` VALUES (1285, 'Keefe', 'George', '2020-01-02', 5);
INSERT INTO `Customer` VALUES (1286, 'Ashely', 'Foster', '2019-10-10', 1);
INSERT INTO `Customer` VALUES (1287, 'Ruby', 'Mclean', '2020-03-17', NULL);
INSERT INTO `Customer` VALUES (1288, 'Walter', 'Moreno', '2020-01-30', 5);
INSERT INTO `Customer` VALUES (1289, 'Lars', 'Watkins', '2020-04-29', NULL);
INSERT INTO `Customer` VALUES (1290, 'Kennan', 'Tanner', '2019-12-04', 4);
INSERT INTO `Customer` VALUES (1291, 'Lester', 'Rivers', '2020-01-12', 5);
INSERT INTO `Customer` VALUES (1292, 'Trevor', 'Garcia', '2020-04-16', NULL);
INSERT INTO `Customer` VALUES (1293, 'Reagan', 'Lowery', '2019-10-30', 2);
INSERT INTO `Customer` VALUES (1294, 'Francesca', 'Dixon', '2019-06-26', 1);
INSERT INTO `Customer` VALUES (1295, 'Teagan', 'Whitfield', '2020-02-29', 6);
INSERT INTO `Customer` VALUES (1296, 'Kibo', 'Carroll', '2019-10-04', 1);
INSERT INTO `Customer` VALUES (1297, 'Benedict', 'Chan', '2019-09-26', 1);
INSERT INTO `Customer` VALUES (1298, 'Hayley', 'Hooper', '2019-11-25', 4);
INSERT INTO `Customer` VALUES (1299, 'Clayton', 'Beard', '2020-04-16', NULL);
INSERT INTO `Customer` VALUES (1300, 'Fitzgerald', 'Smith', '2019-07-02', 1);
INSERT INTO `Customer` VALUES (1301, 'Cain', 'Buck', '2019-06-12', 1);
INSERT INTO `Customer` VALUES (1302, 'Blake', 'Small', '2019-08-25', 1);
INSERT INTO `Customer` VALUES (1303, 'Bert', 'May', '2019-07-03', 1);
INSERT INTO `Customer` VALUES (1304, 'Quin', 'Cabrera', '2019-11-14', 2);
INSERT INTO `Customer` VALUES (1305, 'Sawyer', 'Doyle', '2020-01-20', 5);
INSERT INTO `Customer` VALUES (1306, 'Rafael', 'Ford', '2020-03-01', 6);
INSERT INTO `Customer` VALUES (1307, 'Kibo', 'Williams', '2019-10-11', 1);
INSERT INTO `Customer` VALUES (1308, 'Dorian', 'Little', '2020-01-17', 5);
INSERT INTO `Customer` VALUES (1309, 'Gavin', 'Montgomery', '2020-03-16', NULL);
INSERT INTO `Customer` VALUES (1310, 'Rhonda', 'Bernard', '2020-02-16', 6);
INSERT INTO `Customer` VALUES (1311, 'Vielka', 'Mccoy', '2019-09-02', 1);
INSERT INTO `Customer` VALUES (1312, 'Lars', 'Collier', '2019-09-02', 1);
INSERT INTO `Customer` VALUES (1313, 'Kaye', 'Chen', '2020-05-01', NULL);
INSERT INTO `Customer` VALUES (1314, 'Buckminster', 'Witt', '2020-01-11', 5);
INSERT INTO `Customer` VALUES (1315, 'Boris', 'Crane', '2019-07-22', 1);
INSERT INTO `Customer` VALUES (1316, 'Reed', 'Kinney', '2019-07-20', 1);
INSERT INTO `Customer` VALUES (1317, 'Serina', 'Cherry', '2020-01-27', 5);
INSERT INTO `Customer` VALUES (1318, 'Ashely', 'Whitehead', '2019-10-07', 1);
INSERT INTO `Customer` VALUES (1319, 'Anthony', 'Ewing', '2019-08-17', 1);
INSERT INTO `Customer` VALUES (1320, 'Jesse', 'Hampton', '2019-08-14', 1);
INSERT INTO `Customer` VALUES (1321, 'Georgia', 'Olsen', '2019-10-15', 2);
INSERT INTO `Customer` VALUES (1322, 'Elmo', 'West', '2019-07-26', 1);
INSERT INTO `Customer` VALUES (1323, 'Uriel', 'Rogers', '2020-01-20', 5);
INSERT INTO `Customer` VALUES (1324, 'Dane', 'Reese', '2020-01-04', 5);
INSERT INTO `Customer` VALUES (1325, 'Ginger', 'Quinn', '2020-01-28', 5);
INSERT INTO `Customer` VALUES (1326, 'Christine', 'Le', '2020-02-27', 6);
INSERT INTO `Customer` VALUES (1327, 'Alyssa', 'Taylor', '2020-04-03', NULL);
INSERT INTO `Customer` VALUES (1328, 'Donovan', 'Hardy', '2019-09-13', 1);
INSERT INTO `Customer` VALUES (1329, 'Chelsea', 'Blevins', '2020-02-26', 6);
INSERT INTO `Customer` VALUES (1330, 'Nolan', 'Williams', '2019-09-06', 1);
INSERT INTO `Customer` VALUES (1331, 'Carissa', 'Mercado', '2020-03-18', NULL);
INSERT INTO `Customer` VALUES (1332, 'MacKensie', 'Lawrence', '2019-11-25', 4);
INSERT INTO `Customer` VALUES (1333, 'Randall', 'Williamson', '2019-09-09', 1);
INSERT INTO `Customer` VALUES (1334, 'Noah', 'Baker', '2020-02-02', 5);
INSERT INTO `Customer` VALUES (1335, 'Naomi', 'Albert', '2020-03-02', 6);
INSERT INTO `Customer` VALUES (1336, 'Hillary', 'Hogan', '2019-08-12', 1);
COMMIT;

-- ----------------------------
-- Table structure for Error
-- ----------------------------
DROP TABLE IF EXISTS `Error`;
CREATE TABLE `Error` (
  `ID` bigint unsigned NOT NULL AUTO_INCREMENT,
  `Message` varchar(255) COLLATE utf8mb4_general_ci DEFAULT NULL,
  PRIMARY KEY (`ID`) USING BTREE
) ENGINE=InnoDB AUTO_INCREMENT=30201 DEFAULT CHARSET=utf8mb4 COLLATE=utf8mb4_general_ci;

-- ----------------------------
-- Records of Error
-- ----------------------------
BEGIN;
INSERT INTO `Error` VALUES (20110, 'Invalid character in customer information');
INSERT INTO `Error` VALUES (20112, 'Incomplete customer information');
INSERT INTO `Error` VALUES (30200, 'Remote server timeout');
COMMIT;

-- ----------------------------
-- Table structure for Export
-- ----------------------------
DROP TABLE IF EXISTS `Export`;
CREATE TABLE `Export` (
  `ID` bigint unsigned NOT NULL AUTO_INCREMENT,
  `Complete` tinyint DEFAULT NULL,
  `ExportDate` date DEFAULT NULL,
  PRIMARY KEY (`ID`) USING BTREE
) ENGINE=InnoDB AUTO_INCREMENT=11 DEFAULT CHARSET=utf8mb4 COLLATE=utf8mb4_general_ci;

-- ----------------------------
-- Records of Export
-- ----------------------------
BEGIN;
INSERT INTO `Export` VALUES (1, 1, '2019-10-14');
INSERT INTO `Export` VALUES (2, 1, '2019-11-22');
INSERT INTO `Export` VALUES (3, 1, '2019-12-03');
INSERT INTO `Export` VALUES (4, 1, '2019-12-04');
INSERT INTO `Export` VALUES (5, 1, '2020-02-05');
INSERT INTO `Export` VALUES (6, 1, '2020-03-11');
COMMIT;

-- ----------------------------
-- Table structure for Log
-- ----------------------------
DROP TABLE IF EXISTS `Log`;
CREATE TABLE `Log` (
  `ID` bigint unsigned NOT NULL AUTO_INCREMENT,
  `ExportID` bigint DEFAULT NULL,
  `CustomerID` bigint DEFAULT NULL,
  `ErrorID` bigint DEFAULT NULL,
  PRIMARY KEY (`ID`) USING BTREE
) ENGINE=InnoDB AUTO_INCREMENT=1787 DEFAULT CHARSET=utf8mb4 COLLATE=utf8mb4_general_ci;

-- ----------------------------
-- Records of Log
-- ----------------------------
BEGIN;
INSERT INTO `Log` VALUES (1, 1, 1, NULL);
INSERT INTO `Log` VALUES (2, 1, 2, NULL);
INSERT INTO `Log` VALUES (3, 1, 4, NULL);
INSERT INTO `Log` VALUES (4, 1, 6, NULL);
INSERT INTO `Log` VALUES (5, 1, 7, NULL);
INSERT INTO `Log` VALUES (6, 1, 12, NULL);
INSERT INTO `Log` VALUES (7, 1, 16, NULL);
INSERT INTO `Log` VALUES (8, 1, 18, NULL);
INSERT INTO `Log` VALUES (9, 1, 20, NULL);
INSERT INTO `Log` VALUES (10, 1, 21, NULL);
INSERT INTO `Log` VALUES (11, 1, 23, NULL);
INSERT INTO `Log` VALUES (12, 1, 24, NULL);
INSERT INTO `Log` VALUES (13, 1, 27, NULL);
INSERT INTO `Log` VALUES (14, 1, 28, NULL);
INSERT INTO `Log` VALUES (15, 1, 29, NULL);
INSERT INTO `Log` VALUES (16, 1, 30, NULL);
INSERT INTO `Log` VALUES (17, 1, 33, NULL);
INSERT INTO `Log` VALUES (18, 1, 37, NULL);
INSERT INTO `Log` VALUES (19, 1, 38, NULL);
INSERT INTO `Log` VALUES (20, 1, 39, NULL);
INSERT INTO `Log` VALUES (21, 1, 41, NULL);
INSERT INTO `Log` VALUES (22, 1, 42, NULL);
INSERT INTO `Log` VALUES (23, 1, 45, NULL);
INSERT INTO `Log` VALUES (24, 1, 48, NULL);
INSERT INTO `Log` VALUES (25, 1, 49, NULL);
INSERT INTO `Log` VALUES (26, 1, 51, NULL);
INSERT INTO `Log` VALUES (27, 1, 52, NULL);
INSERT INTO `Log` VALUES (28, 1, 54, NULL);
INSERT INTO `Log` VALUES (29, 1, 55, NULL);
INSERT INTO `Log` VALUES (30, 1, 58, NULL);
INSERT INTO `Log` VALUES (31, 1, 59, NULL);
INSERT INTO `Log` VALUES (32, 1, 61, NULL);
INSERT INTO `Log` VALUES (33, 1, 68, NULL);
INSERT INTO `Log` VALUES (34, 1, 69, NULL);
INSERT INTO `Log` VALUES (35, 1, 70, NULL);
INSERT INTO `Log` VALUES (36, 1, 73, NULL);
INSERT INTO `Log` VALUES (37, 1, 77, NULL);
INSERT INTO `Log` VALUES (38, 1, 79, NULL);
INSERT INTO `Log` VALUES (39, 1, 80, NULL);
INSERT INTO `Log` VALUES (40, 1, 85, NULL);
INSERT INTO `Log` VALUES (41, 1, 86, NULL);
INSERT INTO `Log` VALUES (42, 1, 88, NULL);
INSERT INTO `Log` VALUES (43, 1, 89, NULL);
INSERT INTO `Log` VALUES (44, 1, 91, NULL);
INSERT INTO `Log` VALUES (45, 1, 95, NULL);
INSERT INTO `Log` VALUES (46, 1, 96, NULL);
INSERT INTO `Log` VALUES (47, 1, 103, NULL);
INSERT INTO `Log` VALUES (48, 1, 106, NULL);
INSERT INTO `Log` VALUES (49, 1, 107, NULL);
INSERT INTO `Log` VALUES (50, 1, 110, NULL);
INSERT INTO `Log` VALUES (51, 1, 111, NULL);
INSERT INTO `Log` VALUES (52, 1, 115, NULL);
INSERT INTO `Log` VALUES (53, 1, 117, NULL);
INSERT INTO `Log` VALUES (54, 1, 119, NULL);
INSERT INTO `Log` VALUES (55, 1, 121, NULL);
INSERT INTO `Log` VALUES (56, 1, 125, NULL);
INSERT INTO `Log` VALUES (57, 1, 126, NULL);
INSERT INTO `Log` VALUES (58, 1, 127, NULL);
INSERT INTO `Log` VALUES (59, 1, 130, NULL);
INSERT INTO `Log` VALUES (60, 1, 131, NULL);
INSERT INTO `Log` VALUES (61, 1, 132, NULL);
INSERT INTO `Log` VALUES (62, 1, 133, NULL);
INSERT INTO `Log` VALUES (63, 1, 138, NULL);
INSERT INTO `Log` VALUES (64, 1, 140, NULL);
INSERT INTO `Log` VALUES (65, 1, 142, NULL);
INSERT INTO `Log` VALUES (66, 1, 143, NULL);
INSERT INTO `Log` VALUES (67, 1, 146, NULL);
INSERT INTO `Log` VALUES (68, 1, 147, NULL);
INSERT INTO `Log` VALUES (69, 1, 149, NULL);
INSERT INTO `Log` VALUES (70, 1, 150, NULL);
INSERT INTO `Log` VALUES (71, 1, 151, NULL);
INSERT INTO `Log` VALUES (72, 1, 152, NULL);
INSERT INTO `Log` VALUES (73, 1, 153, NULL);
INSERT INTO `Log` VALUES (74, 1, 154, NULL);
INSERT INTO `Log` VALUES (75, 1, 156, NULL);
INSERT INTO `Log` VALUES (76, 1, 157, NULL);
INSERT INTO `Log` VALUES (77, 1, 161, NULL);
INSERT INTO `Log` VALUES (78, 1, 162, NULL);
INSERT INTO `Log` VALUES (79, 1, 163, NULL);
INSERT INTO `Log` VALUES (80, 1, 166, NULL);
INSERT INTO `Log` VALUES (81, 1, 168, NULL);
INSERT INTO `Log` VALUES (82, 1, 169, NULL);
INSERT INTO `Log` VALUES (83, 1, 170, NULL);
INSERT INTO `Log` VALUES (84, 1, 176, NULL);
INSERT INTO `Log` VALUES (85, 1, 177, NULL);
INSERT INTO `Log` VALUES (86, 1, 181, NULL);
INSERT INTO `Log` VALUES (87, 1, 185, NULL);
INSERT INTO `Log` VALUES (88, 1, 187, NULL);
INSERT INTO `Log` VALUES (89, 1, 193, NULL);
INSERT INTO `Log` VALUES (90, 1, 195, NULL);
INSERT INTO `Log` VALUES (91, 1, 198, NULL);
INSERT INTO `Log` VALUES (92, 1, 199, NULL);
INSERT INTO `Log` VALUES (93, 1, 200, NULL);
INSERT INTO `Log` VALUES (94, 1, 203, NULL);
INSERT INTO `Log` VALUES (95, 1, 205, NULL);
INSERT INTO `Log` VALUES (96, 1, 211, NULL);
INSERT INTO `Log` VALUES (97, 1, 213, NULL);
INSERT INTO `Log` VALUES (98, 1, 221, NULL);
INSERT INTO `Log` VALUES (99, 1, 223, NULL);
INSERT INTO `Log` VALUES (100, 1, 225, NULL);
INSERT INTO `Log` VALUES (101, 1, 227, NULL);
INSERT INTO `Log` VALUES (102, 1, 228, NULL);
INSERT INTO `Log` VALUES (103, 1, 230, NULL);
INSERT INTO `Log` VALUES (104, 1, 232, NULL);
INSERT INTO `Log` VALUES (105, 1, 234, NULL);
INSERT INTO `Log` VALUES (106, 1, 235, NULL);
INSERT INTO `Log` VALUES (107, 1, 236, NULL);
INSERT INTO `Log` VALUES (108, 1, 238, NULL);
INSERT INTO `Log` VALUES (109, 1, 240, NULL);
INSERT INTO `Log` VALUES (110, 1, 243, NULL);
INSERT INTO `Log` VALUES (111, 1, 246, NULL);
INSERT INTO `Log` VALUES (112, 1, 249, NULL);
INSERT INTO `Log` VALUES (113, 1, 252, NULL);
INSERT INTO `Log` VALUES (114, 1, 255, NULL);
INSERT INTO `Log` VALUES (115, 1, 257, NULL);
INSERT INTO `Log` VALUES (116, 1, 262, NULL);
INSERT INTO `Log` VALUES (117, 1, 263, NULL);
INSERT INTO `Log` VALUES (118, 1, 264, NULL);
INSERT INTO `Log` VALUES (119, 1, 265, NULL);
INSERT INTO `Log` VALUES (120, 1, 276, NULL);
INSERT INTO `Log` VALUES (121, 1, 277, NULL);
INSERT INTO `Log` VALUES (122, 1, 278, NULL);
INSERT INTO `Log` VALUES (123, 1, 280, NULL);
INSERT INTO `Log` VALUES (124, 1, 281, NULL);
INSERT INTO `Log` VALUES (125, 1, 284, NULL);
INSERT INTO `Log` VALUES (126, 1, 287, NULL);
INSERT INTO `Log` VALUES (127, 1, 290, NULL);
INSERT INTO `Log` VALUES (128, 1, 291, NULL);
INSERT INTO `Log` VALUES (129, 1, 292, NULL);
INSERT INTO `Log` VALUES (130, 1, 293, NULL);
INSERT INTO `Log` VALUES (131, 1, 294, NULL);
INSERT INTO `Log` VALUES (132, 1, 295, NULL);
INSERT INTO `Log` VALUES (133, 1, 298, NULL);
INSERT INTO `Log` VALUES (134, 1, 299, NULL);
INSERT INTO `Log` VALUES (135, 1, 305, NULL);
INSERT INTO `Log` VALUES (136, 1, 308, NULL);
INSERT INTO `Log` VALUES (137, 1, 315, NULL);
INSERT INTO `Log` VALUES (138, 1, 317, NULL);
INSERT INTO `Log` VALUES (139, 1, 318, NULL);
INSERT INTO `Log` VALUES (140, 1, 321, NULL);
INSERT INTO `Log` VALUES (141, 1, 322, NULL);
INSERT INTO `Log` VALUES (142, 1, 327, NULL);
INSERT INTO `Log` VALUES (143, 1, 330, NULL);
INSERT INTO `Log` VALUES (144, 1, 337, NULL);
INSERT INTO `Log` VALUES (145, 1, 339, NULL);
INSERT INTO `Log` VALUES (146, 1, 344, NULL);
INSERT INTO `Log` VALUES (147, 1, 345, NULL);
INSERT INTO `Log` VALUES (148, 1, 347, NULL);
INSERT INTO `Log` VALUES (149, 1, 354, NULL);
INSERT INTO `Log` VALUES (150, 1, 355, NULL);
INSERT INTO `Log` VALUES (151, 1, 356, NULL);
INSERT INTO `Log` VALUES (152, 1, 357, NULL);
INSERT INTO `Log` VALUES (153, 1, 358, NULL);
INSERT INTO `Log` VALUES (154, 1, 363, NULL);
INSERT INTO `Log` VALUES (155, 1, 365, NULL);
INSERT INTO `Log` VALUES (156, 1, 366, NULL);
INSERT INTO `Log` VALUES (157, 1, 367, NULL);
INSERT INTO `Log` VALUES (158, 1, 369, NULL);
INSERT INTO `Log` VALUES (159, 1, 377, NULL);
INSERT INTO `Log` VALUES (160, 1, 379, NULL);
INSERT INTO `Log` VALUES (161, 1, 380, NULL);
INSERT INTO `Log` VALUES (162, 1, 381, NULL);
INSERT INTO `Log` VALUES (163, 1, 382, NULL);
INSERT INTO `Log` VALUES (164, 1, 384, NULL);
INSERT INTO `Log` VALUES (165, 1, 386, NULL);
INSERT INTO `Log` VALUES (166, 1, 387, NULL);
INSERT INTO `Log` VALUES (167, 1, 388, NULL);
INSERT INTO `Log` VALUES (168, 1, 389, NULL);
INSERT INTO `Log` VALUES (169, 1, 390, NULL);
INSERT INTO `Log` VALUES (170, 1, 392, NULL);
INSERT INTO `Log` VALUES (171, 1, 395, NULL);
INSERT INTO `Log` VALUES (172, 1, 401, NULL);
INSERT INTO `Log` VALUES (173, 1, 403, NULL);
INSERT INTO `Log` VALUES (174, 1, 404, NULL);
INSERT INTO `Log` VALUES (175, 1, 405, NULL);
INSERT INTO `Log` VALUES (176, 1, 407, NULL);
INSERT INTO `Log` VALUES (177, 1, 409, NULL);
INSERT INTO `Log` VALUES (178, 1, 410, NULL);
INSERT INTO `Log` VALUES (179, 1, 411, NULL);
INSERT INTO `Log` VALUES (180, 1, 413, NULL);
INSERT INTO `Log` VALUES (181, 1, 415, NULL);
INSERT INTO `Log` VALUES (182, 1, 416, NULL);
INSERT INTO `Log` VALUES (183, 1, 417, NULL);
INSERT INTO `Log` VALUES (184, 1, 425, NULL);
INSERT INTO `Log` VALUES (185, 1, 431, NULL);
INSERT INTO `Log` VALUES (186, 1, 433, NULL);
INSERT INTO `Log` VALUES (187, 1, 435, NULL);
INSERT INTO `Log` VALUES (188, 1, 440, NULL);
INSERT INTO `Log` VALUES (189, 1, 442, NULL);
INSERT INTO `Log` VALUES (190, 1, 443, NULL);
INSERT INTO `Log` VALUES (191, 1, 447, NULL);
INSERT INTO `Log` VALUES (192, 1, 448, NULL);
INSERT INTO `Log` VALUES (193, 1, 449, NULL);
INSERT INTO `Log` VALUES (194, 1, 454, NULL);
INSERT INTO `Log` VALUES (195, 1, 456, NULL);
INSERT INTO `Log` VALUES (196, 1, 457, NULL);
INSERT INTO `Log` VALUES (197, 1, 459, NULL);
INSERT INTO `Log` VALUES (198, 1, 460, NULL);
INSERT INTO `Log` VALUES (199, 1, 463, NULL);
INSERT INTO `Log` VALUES (200, 1, 464, NULL);
INSERT INTO `Log` VALUES (201, 1, 467, NULL);
INSERT INTO `Log` VALUES (202, 1, 469, NULL);
INSERT INTO `Log` VALUES (203, 1, 471, NULL);
INSERT INTO `Log` VALUES (204, 1, 473, NULL);
INSERT INTO `Log` VALUES (205, 1, 474, NULL);
INSERT INTO `Log` VALUES (206, 1, 475, NULL);
INSERT INTO `Log` VALUES (207, 1, 477, NULL);
INSERT INTO `Log` VALUES (208, 1, 478, NULL);
INSERT INTO `Log` VALUES (209, 1, 479, NULL);
INSERT INTO `Log` VALUES (210, 1, 483, NULL);
INSERT INTO `Log` VALUES (211, 1, 484, NULL);
INSERT INTO `Log` VALUES (212, 1, 488, NULL);
INSERT INTO `Log` VALUES (213, 1, 490, NULL);
INSERT INTO `Log` VALUES (214, 1, 491, NULL);
INSERT INTO `Log` VALUES (215, 1, 495, NULL);
INSERT INTO `Log` VALUES (216, 1, 499, NULL);
INSERT INTO `Log` VALUES (217, 1, 503, NULL);
INSERT INTO `Log` VALUES (218, 1, 504, NULL);
INSERT INTO `Log` VALUES (219, 1, 505, NULL);
INSERT INTO `Log` VALUES (220, 1, 510, NULL);
INSERT INTO `Log` VALUES (221, 1, 512, NULL);
INSERT INTO `Log` VALUES (222, 1, 513, NULL);
INSERT INTO `Log` VALUES (223, 1, 515, NULL);
INSERT INTO `Log` VALUES (224, 1, 516, NULL);
INSERT INTO `Log` VALUES (225, 1, 519, NULL);
INSERT INTO `Log` VALUES (226, 1, 520, NULL);
INSERT INTO `Log` VALUES (227, 1, 521, NULL);
INSERT INTO `Log` VALUES (228, 1, 526, NULL);
INSERT INTO `Log` VALUES (229, 1, 527, NULL);
INSERT INTO `Log` VALUES (230, 1, 528, NULL);
INSERT INTO `Log` VALUES (231, 1, 535, NULL);
INSERT INTO `Log` VALUES (232, 1, 536, NULL);
INSERT INTO `Log` VALUES (233, 1, 539, NULL);
INSERT INTO `Log` VALUES (234, 1, 541, NULL);
INSERT INTO `Log` VALUES (235, 1, 544, NULL);
INSERT INTO `Log` VALUES (236, 1, 548, NULL);
INSERT INTO `Log` VALUES (237, 1, 555, NULL);
INSERT INTO `Log` VALUES (238, 1, 562, NULL);
INSERT INTO `Log` VALUES (239, 1, 563, NULL);
INSERT INTO `Log` VALUES (240, 1, 564, NULL);
INSERT INTO `Log` VALUES (241, 1, 566, NULL);
INSERT INTO `Log` VALUES (242, 1, 568, NULL);
INSERT INTO `Log` VALUES (243, 1, 570, NULL);
INSERT INTO `Log` VALUES (244, 1, 575, NULL);
INSERT INTO `Log` VALUES (245, 1, 577, NULL);
INSERT INTO `Log` VALUES (246, 1, 579, NULL);
INSERT INTO `Log` VALUES (247, 1, 582, NULL);
INSERT INTO `Log` VALUES (248, 1, 583, NULL);
INSERT INTO `Log` VALUES (249, 1, 586, NULL);
INSERT INTO `Log` VALUES (250, 1, 587, NULL);
INSERT INTO `Log` VALUES (251, 1, 588, NULL);
INSERT INTO `Log` VALUES (252, 1, 590, NULL);
INSERT INTO `Log` VALUES (253, 1, 595, NULL);
INSERT INTO `Log` VALUES (254, 1, 597, NULL);
INSERT INTO `Log` VALUES (255, 1, 598, NULL);
INSERT INTO `Log` VALUES (256, 1, 606, NULL);
INSERT INTO `Log` VALUES (257, 1, 607, NULL);
INSERT INTO `Log` VALUES (258, 1, 608, NULL);
INSERT INTO `Log` VALUES (259, 1, 613, NULL);
INSERT INTO `Log` VALUES (260, 1, 614, NULL);
INSERT INTO `Log` VALUES (261, 1, 620, NULL);
INSERT INTO `Log` VALUES (262, 1, 621, NULL);
INSERT INTO `Log` VALUES (263, 1, 622, NULL);
INSERT INTO `Log` VALUES (264, 1, 624, NULL);
INSERT INTO `Log` VALUES (265, 1, 630, NULL);
INSERT INTO `Log` VALUES (266, 1, 634, NULL);
INSERT INTO `Log` VALUES (267, 1, 641, NULL);
INSERT INTO `Log` VALUES (268, 1, 643, NULL);
INSERT INTO `Log` VALUES (269, 1, 644, NULL);
INSERT INTO `Log` VALUES (270, 1, 654, NULL);
INSERT INTO `Log` VALUES (271, 1, 656, NULL);
INSERT INTO `Log` VALUES (272, 1, 663, NULL);
INSERT INTO `Log` VALUES (273, 1, 664, NULL);
INSERT INTO `Log` VALUES (274, 1, 666, NULL);
INSERT INTO `Log` VALUES (275, 1, 667, NULL);
INSERT INTO `Log` VALUES (276, 1, 669, NULL);
INSERT INTO `Log` VALUES (277, 1, 670, NULL);
INSERT INTO `Log` VALUES (278, 1, 671, NULL);
INSERT INTO `Log` VALUES (279, 1, 672, NULL);
INSERT INTO `Log` VALUES (280, 1, 673, NULL);
INSERT INTO `Log` VALUES (281, 1, 674, NULL);
INSERT INTO `Log` VALUES (282, 1, 675, NULL);
INSERT INTO `Log` VALUES (283, 1, 676, NULL);
INSERT INTO `Log` VALUES (284, 1, 678, NULL);
INSERT INTO `Log` VALUES (285, 1, 681, NULL);
INSERT INTO `Log` VALUES (286, 1, 682, NULL);
INSERT INTO `Log` VALUES (287, 1, 685, NULL);
INSERT INTO `Log` VALUES (288, 1, 686, NULL);
INSERT INTO `Log` VALUES (289, 1, 687, NULL);
INSERT INTO `Log` VALUES (290, 1, 688, NULL);
INSERT INTO `Log` VALUES (291, 1, 690, NULL);
INSERT INTO `Log` VALUES (292, 1, 692, NULL);
INSERT INTO `Log` VALUES (293, 1, 696, NULL);
INSERT INTO `Log` VALUES (294, 1, 698, NULL);
INSERT INTO `Log` VALUES (295, 1, 700, NULL);
INSERT INTO `Log` VALUES (296, 1, 702, NULL);
INSERT INTO `Log` VALUES (297, 1, 706, NULL);
INSERT INTO `Log` VALUES (298, 1, 707, NULL);
INSERT INTO `Log` VALUES (299, 1, 708, NULL);
INSERT INTO `Log` VALUES (300, 1, 709, NULL);
INSERT INTO `Log` VALUES (301, 1, 710, NULL);
INSERT INTO `Log` VALUES (302, 1, 714, NULL);
INSERT INTO `Log` VALUES (303, 1, 715, NULL);
INSERT INTO `Log` VALUES (304, 1, 717, NULL);
INSERT INTO `Log` VALUES (305, 1, 718, NULL);
INSERT INTO `Log` VALUES (306, 1, 726, NULL);
INSERT INTO `Log` VALUES (307, 1, 727, NULL);
INSERT INTO `Log` VALUES (308, 1, 728, NULL);
INSERT INTO `Log` VALUES (309, 1, 729, NULL);
INSERT INTO `Log` VALUES (310, 1, 731, NULL);
INSERT INTO `Log` VALUES (311, 1, 732, NULL);
INSERT INTO `Log` VALUES (312, 1, 734, NULL);
INSERT INTO `Log` VALUES (313, 1, 739, NULL);
INSERT INTO `Log` VALUES (314, 1, 741, NULL);
INSERT INTO `Log` VALUES (315, 1, 746, NULL);
INSERT INTO `Log` VALUES (316, 1, 749, NULL);
INSERT INTO `Log` VALUES (317, 1, 750, NULL);
INSERT INTO `Log` VALUES (318, 1, 751, NULL);
INSERT INTO `Log` VALUES (319, 1, 752, NULL);
INSERT INTO `Log` VALUES (320, 1, 755, NULL);
INSERT INTO `Log` VALUES (321, 1, 756, NULL);
INSERT INTO `Log` VALUES (322, 1, 757, NULL);
INSERT INTO `Log` VALUES (323, 1, 763, NULL);
INSERT INTO `Log` VALUES (324, 1, 772, NULL);
INSERT INTO `Log` VALUES (325, 1, 775, NULL);
INSERT INTO `Log` VALUES (326, 1, 778, NULL);
INSERT INTO `Log` VALUES (327, 1, 779, NULL);
INSERT INTO `Log` VALUES (328, 1, 781, NULL);
INSERT INTO `Log` VALUES (329, 1, 783, NULL);
INSERT INTO `Log` VALUES (330, 1, 784, NULL);
INSERT INTO `Log` VALUES (331, 1, 785, NULL);
INSERT INTO `Log` VALUES (332, 1, 786, NULL);
INSERT INTO `Log` VALUES (333, 1, 788, NULL);
INSERT INTO `Log` VALUES (334, 1, 789, NULL);
INSERT INTO `Log` VALUES (335, 1, 790, NULL);
INSERT INTO `Log` VALUES (336, 1, 791, NULL);
INSERT INTO `Log` VALUES (337, 1, 792, NULL);
INSERT INTO `Log` VALUES (338, 1, 796, NULL);
INSERT INTO `Log` VALUES (339, 1, 798, NULL);
INSERT INTO `Log` VALUES (340, 1, 801, NULL);
INSERT INTO `Log` VALUES (341, 1, 802, NULL);
INSERT INTO `Log` VALUES (342, 1, 803, NULL);
INSERT INTO `Log` VALUES (343, 1, 804, NULL);
INSERT INTO `Log` VALUES (344, 1, 805, NULL);
INSERT INTO `Log` VALUES (345, 1, 811, NULL);
INSERT INTO `Log` VALUES (346, 1, 812, NULL);
INSERT INTO `Log` VALUES (347, 1, 813, NULL);
INSERT INTO `Log` VALUES (348, 1, 814, NULL);
INSERT INTO `Log` VALUES (349, 1, 816, NULL);
INSERT INTO `Log` VALUES (350, 1, 817, NULL);
INSERT INTO `Log` VALUES (351, 1, 820, NULL);
INSERT INTO `Log` VALUES (352, 1, 824, NULL);
INSERT INTO `Log` VALUES (353, 1, 826, NULL);
INSERT INTO `Log` VALUES (354, 1, 827, NULL);
INSERT INTO `Log` VALUES (355, 1, 831, NULL);
INSERT INTO `Log` VALUES (356, 1, 837, NULL);
INSERT INTO `Log` VALUES (357, 1, 840, NULL);
INSERT INTO `Log` VALUES (358, 1, 841, NULL);
INSERT INTO `Log` VALUES (359, 1, 842, NULL);
INSERT INTO `Log` VALUES (360, 1, 845, NULL);
INSERT INTO `Log` VALUES (361, 1, 847, NULL);
INSERT INTO `Log` VALUES (362, 1, 849, NULL);
INSERT INTO `Log` VALUES (363, 1, 850, NULL);
INSERT INTO `Log` VALUES (364, 1, 852, NULL);
INSERT INTO `Log` VALUES (365, 1, 856, NULL);
INSERT INTO `Log` VALUES (366, 1, 857, NULL);
INSERT INTO `Log` VALUES (367, 1, 859, NULL);
INSERT INTO `Log` VALUES (368, 1, 860, NULL);
INSERT INTO `Log` VALUES (369, 1, 862, NULL);
INSERT INTO `Log` VALUES (370, 1, 863, NULL);
INSERT INTO `Log` VALUES (371, 1, 867, NULL);
INSERT INTO `Log` VALUES (372, 1, 868, NULL);
INSERT INTO `Log` VALUES (373, 1, 869, NULL);
INSERT INTO `Log` VALUES (374, 1, 873, NULL);
INSERT INTO `Log` VALUES (375, 1, 876, NULL);
INSERT INTO `Log` VALUES (376, 1, 877, NULL);
INSERT INTO `Log` VALUES (377, 1, 880, NULL);
INSERT INTO `Log` VALUES (378, 1, 883, NULL);
INSERT INTO `Log` VALUES (379, 1, 886, NULL);
INSERT INTO `Log` VALUES (380, 1, 887, NULL);
INSERT INTO `Log` VALUES (381, 1, 888, NULL);
INSERT INTO `Log` VALUES (382, 1, 889, NULL);
INSERT INTO `Log` VALUES (383, 1, 890, NULL);
INSERT INTO `Log` VALUES (384, 1, 893, NULL);
INSERT INTO `Log` VALUES (385, 1, 894, NULL);
INSERT INTO `Log` VALUES (386, 1, 898, NULL);
INSERT INTO `Log` VALUES (387, 1, 899, NULL);
INSERT INTO `Log` VALUES (388, 1, 901, NULL);
INSERT INTO `Log` VALUES (389, 1, 902, NULL);
INSERT INTO `Log` VALUES (390, 1, 903, NULL);
INSERT INTO `Log` VALUES (391, 1, 908, NULL);
INSERT INTO `Log` VALUES (392, 1, 909, NULL);
INSERT INTO `Log` VALUES (393, 1, 913, NULL);
INSERT INTO `Log` VALUES (394, 1, 921, NULL);
INSERT INTO `Log` VALUES (395, 1, 927, NULL);
INSERT INTO `Log` VALUES (396, 1, 929, NULL);
INSERT INTO `Log` VALUES (397, 1, 930, NULL);
INSERT INTO `Log` VALUES (398, 1, 931, NULL);
INSERT INTO `Log` VALUES (399, 1, 934, NULL);
INSERT INTO `Log` VALUES (400, 1, 935, NULL);
INSERT INTO `Log` VALUES (401, 1, 936, NULL);
INSERT INTO `Log` VALUES (402, 1, 937, NULL);
INSERT INTO `Log` VALUES (403, 1, 942, NULL);
INSERT INTO `Log` VALUES (404, 1, 943, NULL);
INSERT INTO `Log` VALUES (405, 1, 944, NULL);
INSERT INTO `Log` VALUES (406, 1, 947, NULL);
INSERT INTO `Log` VALUES (407, 1, 950, NULL);
INSERT INTO `Log` VALUES (408, 1, 951, NULL);
INSERT INTO `Log` VALUES (409, 1, 952, NULL);
INSERT INTO `Log` VALUES (410, 1, 953, NULL);
INSERT INTO `Log` VALUES (411, 1, 957, NULL);
INSERT INTO `Log` VALUES (412, 1, 958, NULL);
INSERT INTO `Log` VALUES (413, 1, 959, NULL);
INSERT INTO `Log` VALUES (414, 1, 962, NULL);
INSERT INTO `Log` VALUES (415, 1, 965, NULL);
INSERT INTO `Log` VALUES (416, 1, 968, NULL);
INSERT INTO `Log` VALUES (417, 1, 970, NULL);
INSERT INTO `Log` VALUES (418, 1, 973, NULL);
INSERT INTO `Log` VALUES (419, 1, 975, NULL);
INSERT INTO `Log` VALUES (420, 1, 977, NULL);
INSERT INTO `Log` VALUES (421, 1, 978, NULL);
INSERT INTO `Log` VALUES (422, 1, 980, NULL);
INSERT INTO `Log` VALUES (423, 1, 981, NULL);
INSERT INTO `Log` VALUES (424, 1, 985, NULL);
INSERT INTO `Log` VALUES (425, 1, 987, NULL);
INSERT INTO `Log` VALUES (426, 1, 989, NULL);
INSERT INTO `Log` VALUES (427, 1, 990, NULL);
INSERT INTO `Log` VALUES (428, 1, 991, NULL);
INSERT INTO `Log` VALUES (429, 1, 992, NULL);
INSERT INTO `Log` VALUES (430, 1, 993, NULL);
INSERT INTO `Log` VALUES (431, 1, 995, NULL);
INSERT INTO `Log` VALUES (432, 1, 998, NULL);
INSERT INTO `Log` VALUES (433, 1, 999, NULL);
INSERT INTO `Log` VALUES (434, 1, 1001, NULL);
INSERT INTO `Log` VALUES (435, 1, 1005, NULL);
INSERT INTO `Log` VALUES (436, 1, 1008, NULL);
INSERT INTO `Log` VALUES (437, 1, 1009, NULL);
INSERT INTO `Log` VALUES (438, 1, 1011, NULL);
INSERT INTO `Log` VALUES (439, 1, 1012, NULL);
INSERT INTO `Log` VALUES (440, 1, 1013, NULL);
INSERT INTO `Log` VALUES (441, 1, 1017, NULL);
INSERT INTO `Log` VALUES (442, 1, 1022, NULL);
INSERT INTO `Log` VALUES (443, 1, 1023, NULL);
INSERT INTO `Log` VALUES (444, 1, 1027, NULL);
INSERT INTO `Log` VALUES (445, 1, 1028, NULL);
INSERT INTO `Log` VALUES (446, 1, 1032, NULL);
INSERT INTO `Log` VALUES (447, 1, 1033, NULL);
INSERT INTO `Log` VALUES (448, 1, 1037, NULL);
INSERT INTO `Log` VALUES (449, 1, 1038, NULL);
INSERT INTO `Log` VALUES (450, 1, 1042, NULL);
INSERT INTO `Log` VALUES (451, 1, 1044, NULL);
INSERT INTO `Log` VALUES (452, 1, 1047, NULL);
INSERT INTO `Log` VALUES (453, 1, 1050, NULL);
INSERT INTO `Log` VALUES (454, 1, 1055, NULL);
INSERT INTO `Log` VALUES (455, 1, 1056, NULL);
INSERT INTO `Log` VALUES (456, 1, 1060, NULL);
INSERT INTO `Log` VALUES (457, 1, 1062, NULL);
INSERT INTO `Log` VALUES (458, 1, 1063, NULL);
INSERT INTO `Log` VALUES (459, 1, 1066, NULL);
INSERT INTO `Log` VALUES (460, 1, 1068, NULL);
INSERT INTO `Log` VALUES (461, 1, 1074, NULL);
INSERT INTO `Log` VALUES (462, 1, 1075, NULL);
INSERT INTO `Log` VALUES (463, 1, 1077, NULL);
INSERT INTO `Log` VALUES (464, 1, 1078, NULL);
INSERT INTO `Log` VALUES (465, 1, 1081, NULL);
INSERT INTO `Log` VALUES (466, 1, 1082, NULL);
INSERT INTO `Log` VALUES (467, 1, 1086, NULL);
INSERT INTO `Log` VALUES (468, 1, 1088, NULL);
INSERT INTO `Log` VALUES (469, 1, 1089, NULL);
INSERT INTO `Log` VALUES (470, 1, 1090, NULL);
INSERT INTO `Log` VALUES (471, 1, 1093, NULL);
INSERT INTO `Log` VALUES (472, 1, 1097, NULL);
INSERT INTO `Log` VALUES (473, 1, 1098, NULL);
INSERT INTO `Log` VALUES (474, 1, 1101, NULL);
INSERT INTO `Log` VALUES (475, 1, 1110, NULL);
INSERT INTO `Log` VALUES (476, 1, 1111, NULL);
INSERT INTO `Log` VALUES (477, 1, 1116, NULL);
INSERT INTO `Log` VALUES (478, 1, 1119, NULL);
INSERT INTO `Log` VALUES (479, 1, 1120, NULL);
INSERT INTO `Log` VALUES (480, 1, 1124, NULL);
INSERT INTO `Log` VALUES (481, 1, 1125, NULL);
INSERT INTO `Log` VALUES (482, 1, 1128, NULL);
INSERT INTO `Log` VALUES (483, 1, 1129, NULL);
INSERT INTO `Log` VALUES (484, 1, 1136, NULL);
INSERT INTO `Log` VALUES (485, 1, 1138, NULL);
INSERT INTO `Log` VALUES (486, 1, 1140, NULL);
INSERT INTO `Log` VALUES (487, 1, 1144, NULL);
INSERT INTO `Log` VALUES (488, 1, 1145, NULL);
INSERT INTO `Log` VALUES (489, 1, 1146, NULL);
INSERT INTO `Log` VALUES (490, 1, 1147, NULL);
INSERT INTO `Log` VALUES (491, 1, 1148, NULL);
INSERT INTO `Log` VALUES (492, 1, 1149, NULL);
INSERT INTO `Log` VALUES (493, 1, 1150, NULL);
INSERT INTO `Log` VALUES (494, 1, 1153, NULL);
INSERT INTO `Log` VALUES (495, 1, 1157, NULL);
INSERT INTO `Log` VALUES (496, 1, 1159, NULL);
INSERT INTO `Log` VALUES (497, 1, 1176, NULL);
INSERT INTO `Log` VALUES (498, 1, 1178, NULL);
INSERT INTO `Log` VALUES (499, 1, 1180, NULL);
INSERT INTO `Log` VALUES (500, 1, 1181, NULL);
INSERT INTO `Log` VALUES (501, 1, 1183, NULL);
INSERT INTO `Log` VALUES (502, 1, 1188, NULL);
INSERT INTO `Log` VALUES (503, 1, 1196, NULL);
INSERT INTO `Log` VALUES (504, 1, 1203, NULL);
INSERT INTO `Log` VALUES (505, 1, 1205, NULL);
INSERT INTO `Log` VALUES (506, 1, 1206, NULL);
INSERT INTO `Log` VALUES (507, 1, 1208, NULL);
INSERT INTO `Log` VALUES (508, 1, 1209, NULL);
INSERT INTO `Log` VALUES (509, 1, 1210, NULL);
INSERT INTO `Log` VALUES (510, 1, 1211, NULL);
INSERT INTO `Log` VALUES (511, 1, 1212, NULL);
INSERT INTO `Log` VALUES (512, 1, 1215, NULL);
INSERT INTO `Log` VALUES (513, 1, 1216, NULL);
INSERT INTO `Log` VALUES (514, 1, 1223, NULL);
INSERT INTO `Log` VALUES (515, 1, 1227, NULL);
INSERT INTO `Log` VALUES (516, 1, 1228, NULL);
INSERT INTO `Log` VALUES (517, 1, 1230, NULL);
INSERT INTO `Log` VALUES (518, 1, 1231, NULL);
INSERT INTO `Log` VALUES (519, 1, 1234, NULL);
INSERT INTO `Log` VALUES (520, 1, 1241, NULL);
INSERT INTO `Log` VALUES (521, 1, 1243, NULL);
INSERT INTO `Log` VALUES (522, 1, 1245, NULL);
INSERT INTO `Log` VALUES (523, 1, 1249, NULL);
INSERT INTO `Log` VALUES (524, 1, 1256, NULL);
INSERT INTO `Log` VALUES (525, 1, 1259, NULL);
INSERT INTO `Log` VALUES (526, 1, 1260, NULL);
INSERT INTO `Log` VALUES (527, 1, 1261, NULL);
INSERT INTO `Log` VALUES (528, 1, 1263, NULL);
INSERT INTO `Log` VALUES (529, 1, 1264, NULL);
INSERT INTO `Log` VALUES (530, 1, 1265, NULL);
INSERT INTO `Log` VALUES (531, 1, 1269, NULL);
INSERT INTO `Log` VALUES (532, 1, 1270, NULL);
INSERT INTO `Log` VALUES (533, 1, 1273, NULL);
INSERT INTO `Log` VALUES (534, 1, 1274, NULL);
INSERT INTO `Log` VALUES (535, 1, 1277, NULL);
INSERT INTO `Log` VALUES (536, 1, 1278, NULL);
INSERT INTO `Log` VALUES (537, 1, 1280, NULL);
INSERT INTO `Log` VALUES (538, 1, 1281, NULL);
INSERT INTO `Log` VALUES (539, 1, 1284, NULL);
INSERT INTO `Log` VALUES (540, 1, 1286, NULL);
INSERT INTO `Log` VALUES (541, 1, 1294, NULL);
INSERT INTO `Log` VALUES (542, 1, 1296, NULL);
INSERT INTO `Log` VALUES (543, 1, 1297, NULL);
INSERT INTO `Log` VALUES (544, 1, 1300, NULL);
INSERT INTO `Log` VALUES (545, 1, 1301, NULL);
INSERT INTO `Log` VALUES (546, 1, 1302, NULL);
INSERT INTO `Log` VALUES (547, 1, 1303, NULL);
INSERT INTO `Log` VALUES (548, 1, 1307, NULL);
INSERT INTO `Log` VALUES (549, 1, 1311, NULL);
INSERT INTO `Log` VALUES (550, 1, 1312, NULL);
INSERT INTO `Log` VALUES (551, 1, 1315, NULL);
INSERT INTO `Log` VALUES (552, 1, 1316, NULL);
INSERT INTO `Log` VALUES (553, 1, 1318, NULL);
INSERT INTO `Log` VALUES (554, 1, 1319, NULL);
INSERT INTO `Log` VALUES (555, 1, 1320, NULL);
INSERT INTO `Log` VALUES (556, 1, 1322, NULL);
INSERT INTO `Log` VALUES (557, 1, 1328, NULL);
INSERT INTO `Log` VALUES (558, 1, 1330, NULL);
INSERT INTO `Log` VALUES (559, 1, 1333, NULL);
INSERT INTO `Log` VALUES (560, 1, 1336, NULL);
INSERT INTO `Log` VALUES (1024, 2, 5, NULL);
INSERT INTO `Log` VALUES (1025, 2, 11, NULL);
INSERT INTO `Log` VALUES (1026, 2, 19, NULL);
INSERT INTO `Log` VALUES (1027, 2, 78, NULL);
INSERT INTO `Log` VALUES (1028, 2, 99, NULL);
INSERT INTO `Log` VALUES (1029, 2, 102, NULL);
INSERT INTO `Log` VALUES (1030, 2, 108, NULL);
INSERT INTO `Log` VALUES (1031, 2, 109, NULL);
INSERT INTO `Log` VALUES (1032, 2, 118, NULL);
INSERT INTO `Log` VALUES (1033, 2, 135, NULL);
INSERT INTO `Log` VALUES (1034, 2, 139, NULL);
INSERT INTO `Log` VALUES (1035, 2, 159, NULL);
INSERT INTO `Log` VALUES (1036, 2, 174, NULL);
INSERT INTO `Log` VALUES (1037, 2, 178, NULL);
INSERT INTO `Log` VALUES (1038, 2, 180, NULL);
INSERT INTO `Log` VALUES (1039, 2, 183, NULL);
INSERT INTO `Log` VALUES (1040, 2, 186, NULL);
INSERT INTO `Log` VALUES (1041, 2, 192, NULL);
INSERT INTO `Log` VALUES (1042, 2, 206, NULL);
INSERT INTO `Log` VALUES (1043, 2, 216, NULL);
INSERT INTO `Log` VALUES (1044, 2, 222, NULL);
INSERT INTO `Log` VALUES (1045, 2, 229, NULL);
INSERT INTO `Log` VALUES (1046, 2, 237, NULL);
INSERT INTO `Log` VALUES (1047, 2, 244, NULL);
INSERT INTO `Log` VALUES (1048, 2, 288, NULL);
INSERT INTO `Log` VALUES (1049, 2, 302, NULL);
INSERT INTO `Log` VALUES (1050, 2, 303, NULL);
INSERT INTO `Log` VALUES (1051, 2, 316, NULL);
INSERT INTO `Log` VALUES (1052, 2, 319, NULL);
INSERT INTO `Log` VALUES (1053, 2, 331, NULL);
INSERT INTO `Log` VALUES (1054, 2, 333, NULL);
INSERT INTO `Log` VALUES (1055, 2, 343, NULL);
INSERT INTO `Log` VALUES (1056, 2, 349, NULL);
INSERT INTO `Log` VALUES (1057, 2, 350, NULL);
INSERT INTO `Log` VALUES (1058, 2, 361, NULL);
INSERT INTO `Log` VALUES (1059, 2, 370, NULL);
INSERT INTO `Log` VALUES (1060, 2, 371, NULL);
INSERT INTO `Log` VALUES (1061, 2, 398, NULL);
INSERT INTO `Log` VALUES (1062, 2, 399, NULL);
INSERT INTO `Log` VALUES (1063, 2, 427, NULL);
INSERT INTO `Log` VALUES (1064, 2, 429, NULL);
INSERT INTO `Log` VALUES (1065, 2, 437, NULL);
INSERT INTO `Log` VALUES (1066, 2, 438, NULL);
INSERT INTO `Log` VALUES (1067, 2, 439, NULL);
INSERT INTO `Log` VALUES (1068, 2, 445, NULL);
INSERT INTO `Log` VALUES (1069, 2, 458, NULL);
INSERT INTO `Log` VALUES (1070, 2, 461, NULL);
INSERT INTO `Log` VALUES (1071, 2, 470, NULL);
INSERT INTO `Log` VALUES (1072, 2, 481, NULL);
INSERT INTO `Log` VALUES (1073, 2, 496, NULL);
INSERT INTO `Log` VALUES (1074, 2, 498, NULL);
INSERT INTO `Log` VALUES (1075, 2, 508, NULL);
INSERT INTO `Log` VALUES (1076, 2, 542, NULL);
INSERT INTO `Log` VALUES (1077, 2, 543, NULL);
INSERT INTO `Log` VALUES (1078, 2, 545, NULL);
INSERT INTO `Log` VALUES (1079, 2, 546, NULL);
INSERT INTO `Log` VALUES (1080, 2, 547, NULL);
INSERT INTO `Log` VALUES (1081, 2, 550, NULL);
INSERT INTO `Log` VALUES (1082, 2, 572, NULL);
INSERT INTO `Log` VALUES (1083, 2, 581, NULL);
INSERT INTO `Log` VALUES (1084, 2, 594, NULL);
INSERT INTO `Log` VALUES (1085, 2, 601, NULL);
INSERT INTO `Log` VALUES (1086, 2, 610, NULL);
INSERT INTO `Log` VALUES (1087, 2, 612, NULL);
INSERT INTO `Log` VALUES (1088, 2, 617, NULL);
INSERT INTO `Log` VALUES (1089, 2, 618, NULL);
INSERT INTO `Log` VALUES (1090, 2, 623, NULL);
INSERT INTO `Log` VALUES (1091, 2, 625, NULL);
INSERT INTO `Log` VALUES (1092, 2, 645, NULL);
INSERT INTO `Log` VALUES (1093, 2, 646, NULL);
INSERT INTO `Log` VALUES (1094, 2, 647, NULL);
INSERT INTO `Log` VALUES (1095, 2, 653, NULL);
INSERT INTO `Log` VALUES (1096, 2, 655, NULL);
INSERT INTO `Log` VALUES (1097, 2, 659, NULL);
INSERT INTO `Log` VALUES (1098, 2, 661, NULL);
INSERT INTO `Log` VALUES (1099, 2, 683, NULL);
INSERT INTO `Log` VALUES (1100, 2, 684, NULL);
INSERT INTO `Log` VALUES (1101, 2, 689, NULL);
INSERT INTO `Log` VALUES (1102, 2, 693, NULL);
INSERT INTO `Log` VALUES (1103, 2, 699, NULL);
INSERT INTO `Log` VALUES (1104, 2, 705, NULL);
INSERT INTO `Log` VALUES (1105, 2, 713, NULL);
INSERT INTO `Log` VALUES (1106, 2, 716, NULL);
INSERT INTO `Log` VALUES (1107, 2, 735, NULL);
INSERT INTO `Log` VALUES (1108, 2, 745, NULL);
INSERT INTO `Log` VALUES (1109, 2, 747, NULL);
INSERT INTO `Log` VALUES (1110, 2, 748, NULL);
INSERT INTO `Log` VALUES (1111, 2, 764, NULL);
INSERT INTO `Log` VALUES (1112, 2, 768, NULL);
INSERT INTO `Log` VALUES (1113, 2, 770, NULL);
INSERT INTO `Log` VALUES (1114, 2, 787, NULL);
INSERT INTO `Log` VALUES (1115, 2, 795, NULL);
INSERT INTO `Log` VALUES (1116, 2, 808, NULL);
INSERT INTO `Log` VALUES (1117, 2, 810, NULL);
INSERT INTO `Log` VALUES (1118, 2, 835, NULL);
INSERT INTO `Log` VALUES (1119, 2, 848, NULL);
INSERT INTO `Log` VALUES (1120, 2, 858, NULL);
INSERT INTO `Log` VALUES (1121, 2, 874, NULL);
INSERT INTO `Log` VALUES (1122, 2, 878, NULL);
INSERT INTO `Log` VALUES (1123, 2, 882, NULL);
INSERT INTO `Log` VALUES (1124, 2, 885, NULL);
INSERT INTO `Log` VALUES (1125, 2, 914, NULL);
INSERT INTO `Log` VALUES (1126, 2, 915, NULL);
INSERT INTO `Log` VALUES (1127, 2, 916, NULL);
INSERT INTO `Log` VALUES (1128, 2, 917, NULL);
INSERT INTO `Log` VALUES (1129, 2, 919, NULL);
INSERT INTO `Log` VALUES (1130, 2, 933, NULL);
INSERT INTO `Log` VALUES (1131, 2, 941, NULL);
INSERT INTO `Log` VALUES (1132, 2, 948, NULL);
INSERT INTO `Log` VALUES (1133, 2, 956, NULL);
INSERT INTO `Log` VALUES (1134, 2, 982, NULL);
INSERT INTO `Log` VALUES (1135, 2, 983, NULL);
INSERT INTO `Log` VALUES (1136, 2, 988, NULL);
INSERT INTO `Log` VALUES (1137, 2, 1007, NULL);
INSERT INTO `Log` VALUES (1138, 2, 1010, NULL);
INSERT INTO `Log` VALUES (1139, 2, 1020, NULL);
INSERT INTO `Log` VALUES (1140, 2, 1025, NULL);
INSERT INTO `Log` VALUES (1141, 2, 1029, NULL);
INSERT INTO `Log` VALUES (1142, 2, 1036, NULL);
INSERT INTO `Log` VALUES (1143, 2, 1045, NULL);
INSERT INTO `Log` VALUES (1144, 2, 1080, NULL);
INSERT INTO `Log` VALUES (1145, 2, 1083, NULL);
INSERT INTO `Log` VALUES (1146, 2, 1087, NULL);
INSERT INTO `Log` VALUES (1147, 2, 1091, NULL);
INSERT INTO `Log` VALUES (1148, 2, 1092, NULL);
INSERT INTO `Log` VALUES (1149, 2, 1094, NULL);
INSERT INTO `Log` VALUES (1150, 2, 1109, NULL);
INSERT INTO `Log` VALUES (1151, 2, 1127, NULL);
INSERT INTO `Log` VALUES (1152, 2, 1132, NULL);
INSERT INTO `Log` VALUES (1153, 2, 1133, NULL);
INSERT INTO `Log` VALUES (1154, 2, 1137, NULL);
INSERT INTO `Log` VALUES (1155, 2, 1143, NULL);
INSERT INTO `Log` VALUES (1156, 2, 1165, NULL);
INSERT INTO `Log` VALUES (1157, 2, 1179, NULL);
INSERT INTO `Log` VALUES (1158, 2, 1186, NULL);
INSERT INTO `Log` VALUES (1159, 2, 1189, NULL);
INSERT INTO `Log` VALUES (1160, 2, 1195, NULL);
INSERT INTO `Log` VALUES (1161, 2, 1200, NULL);
INSERT INTO `Log` VALUES (1162, 2, 1214, NULL);
INSERT INTO `Log` VALUES (1163, 2, 1218, NULL);
INSERT INTO `Log` VALUES (1164, 2, 1219, NULL);
INSERT INTO `Log` VALUES (1165, 2, 1225, NULL);
INSERT INTO `Log` VALUES (1166, 2, 1235, NULL);
INSERT INTO `Log` VALUES (1167, 2, 1236, NULL);
INSERT INTO `Log` VALUES (1168, 2, 1242, NULL);
INSERT INTO `Log` VALUES (1169, 2, 1250, NULL);
INSERT INTO `Log` VALUES (1170, 2, 1252, NULL);
INSERT INTO `Log` VALUES (1171, 2, 1255, NULL);
INSERT INTO `Log` VALUES (1172, 2, 1258, NULL);
INSERT INTO `Log` VALUES (1173, 2, 1271, NULL);
INSERT INTO `Log` VALUES (1174, 2, 1293, NULL);
INSERT INTO `Log` VALUES (1175, 2, 1304, NULL);
INSERT INTO `Log` VALUES (1176, 2, 1321, NULL);
INSERT INTO `Log` VALUES (1279, 3, 14, NULL);
INSERT INTO `Log` VALUES (1280, 3, 15, NULL);
INSERT INTO `Log` VALUES (1281, 3, 25, NULL);
INSERT INTO `Log` VALUES (1282, 3, 57, NULL);
INSERT INTO `Log` VALUES (1283, 3, 64, NULL);
INSERT INTO `Log` VALUES (1284, 3, 72, NULL);
INSERT INTO `Log` VALUES (1285, 3, 81, NULL);
INSERT INTO `Log` VALUES (1286, 3, 92, 20112);
INSERT INTO `Log` VALUES (1287, 3, 105, NULL);
INSERT INTO `Log` VALUES (1288, 3, 116, NULL);
INSERT INTO `Log` VALUES (1289, 3, 164, NULL);
INSERT INTO `Log` VALUES (1290, 3, 217, NULL);
INSERT INTO `Log` VALUES (1291, 3, 233, NULL);
INSERT INTO `Log` VALUES (1292, 3, 253, NULL);
INSERT INTO `Log` VALUES (1293, 3, 269, NULL);
INSERT INTO `Log` VALUES (1294, 3, 282, NULL);
INSERT INTO `Log` VALUES (1295, 3, 304, NULL);
INSERT INTO `Log` VALUES (1296, 3, 312, NULL);
INSERT INTO `Log` VALUES (1297, 3, 335, NULL);
INSERT INTO `Log` VALUES (1298, 3, 378, NULL);
INSERT INTO `Log` VALUES (1299, 3, 436, NULL);
INSERT INTO `Log` VALUES (1300, 3, 446, NULL);
INSERT INTO `Log` VALUES (1301, 3, 509, NULL);
INSERT INTO `Log` VALUES (1302, 3, 533, NULL);
INSERT INTO `Log` VALUES (1303, 3, 573, NULL);
INSERT INTO `Log` VALUES (1304, 3, 615, NULL);
INSERT INTO `Log` VALUES (1305, 3, 616, NULL);
INSERT INTO `Log` VALUES (1306, 3, 649, NULL);
INSERT INTO `Log` VALUES (1307, 3, 677, NULL);
INSERT INTO `Log` VALUES (1308, 3, 737, NULL);
INSERT INTO `Log` VALUES (1309, 3, 819, NULL);
INSERT INTO `Log` VALUES (1310, 3, 833, NULL);
INSERT INTO `Log` VALUES (1311, 3, 896, 20110);
INSERT INTO `Log` VALUES (1312, 3, 904, NULL);
INSERT INTO `Log` VALUES (1313, 3, 912, NULL);
INSERT INTO `Log` VALUES (1314, 3, 984, NULL);
INSERT INTO `Log` VALUES (1315, 3, 1016, NULL);
INSERT INTO `Log` VALUES (1316, 3, 1026, NULL);
INSERT INTO `Log` VALUES (1317, 3, 1043, NULL);
INSERT INTO `Log` VALUES (1318, 3, 1070, NULL);
INSERT INTO `Log` VALUES (1319, 3, 1112, 20110);
INSERT INTO `Log` VALUES (1320, 3, 1121, NULL);
INSERT INTO `Log` VALUES (1321, 3, 1122, NULL);
INSERT INTO `Log` VALUES (1322, 3, 1126, NULL);
INSERT INTO `Log` VALUES (1323, 3, 1139, NULL);
INSERT INTO `Log` VALUES (1324, 3, 1141, NULL);
INSERT INTO `Log` VALUES (1325, 3, 1171, NULL);
INSERT INTO `Log` VALUES (1326, 3, 1229, NULL);
INSERT INTO `Log` VALUES (1327, 3, 1290, NULL);
INSERT INTO `Log` VALUES (1328, 3, 1298, NULL);
INSERT INTO `Log` VALUES (1329, 3, 1332, NULL);
INSERT INTO `Log` VALUES (1342, 5, 3, NULL);
INSERT INTO `Log` VALUES (1343, 5, 8, NULL);
INSERT INTO `Log` VALUES (1344, 5, 17, NULL);
INSERT INTO `Log` VALUES (1345, 5, 34, NULL);
INSERT INTO `Log` VALUES (1346, 5, 43, NULL);
INSERT INTO `Log` VALUES (1347, 5, 46, NULL);
INSERT INTO `Log` VALUES (1348, 5, 47, NULL);
INSERT INTO `Log` VALUES (1349, 5, 53, NULL);
INSERT INTO `Log` VALUES (1350, 5, 56, NULL);
INSERT INTO `Log` VALUES (1351, 5, 65, NULL);
INSERT INTO `Log` VALUES (1352, 5, 66, NULL);
INSERT INTO `Log` VALUES (1353, 5, 71, NULL);
INSERT INTO `Log` VALUES (1354, 5, 82, NULL);
INSERT INTO `Log` VALUES (1355, 5, 100, NULL);
INSERT INTO `Log` VALUES (1356, 5, 101, NULL);
INSERT INTO `Log` VALUES (1357, 5, 112, NULL);
INSERT INTO `Log` VALUES (1358, 5, 123, NULL);
INSERT INTO `Log` VALUES (1359, 5, 136, NULL);
INSERT INTO `Log` VALUES (1360, 5, 141, NULL);
INSERT INTO `Log` VALUES (1361, 5, 155, NULL);
INSERT INTO `Log` VALUES (1362, 5, 165, NULL);
INSERT INTO `Log` VALUES (1363, 5, 167, NULL);
INSERT INTO `Log` VALUES (1364, 5, 171, NULL);
INSERT INTO `Log` VALUES (1365, 5, 172, NULL);
INSERT INTO `Log` VALUES (1366, 5, 173, NULL);
INSERT INTO `Log` VALUES (1367, 5, 182, NULL);
INSERT INTO `Log` VALUES (1368, 5, 189, NULL);
INSERT INTO `Log` VALUES (1369, 5, 194, NULL);
INSERT INTO `Log` VALUES (1370, 5, 210, NULL);
INSERT INTO `Log` VALUES (1371, 5, 212, NULL);
INSERT INTO `Log` VALUES (1372, 5, 224, NULL);
INSERT INTO `Log` VALUES (1373, 5, 231, NULL);
INSERT INTO `Log` VALUES (1374, 5, 242, NULL);
INSERT INTO `Log` VALUES (1375, 5, 245, NULL);
INSERT INTO `Log` VALUES (1376, 5, 247, NULL);
INSERT INTO `Log` VALUES (1377, 5, 248, NULL);
INSERT INTO `Log` VALUES (1378, 5, 250, NULL);
INSERT INTO `Log` VALUES (1379, 5, 251, NULL);
INSERT INTO `Log` VALUES (1380, 5, 256, NULL);
INSERT INTO `Log` VALUES (1381, 5, 268, NULL);
INSERT INTO `Log` VALUES (1382, 5, 273, NULL);
INSERT INTO `Log` VALUES (1383, 5, 275, NULL);
INSERT INTO `Log` VALUES (1384, 5, 279, NULL);
INSERT INTO `Log` VALUES (1385, 5, 283, NULL);
INSERT INTO `Log` VALUES (1386, 5, 285, NULL);
INSERT INTO `Log` VALUES (1387, 5, 296, NULL);
INSERT INTO `Log` VALUES (1388, 5, 306, NULL);
INSERT INTO `Log` VALUES (1389, 5, 307, NULL);
INSERT INTO `Log` VALUES (1390, 5, 311, NULL);
INSERT INTO `Log` VALUES (1391, 5, 313, NULL);
INSERT INTO `Log` VALUES (1392, 5, 325, NULL);
INSERT INTO `Log` VALUES (1393, 5, 329, NULL);
INSERT INTO `Log` VALUES (1394, 5, 332, NULL);
INSERT INTO `Log` VALUES (1395, 5, 336, NULL);
INSERT INTO `Log` VALUES (1396, 5, 338, NULL);
INSERT INTO `Log` VALUES (1397, 5, 342, NULL);
INSERT INTO `Log` VALUES (1398, 5, 348, NULL);
INSERT INTO `Log` VALUES (1399, 5, 351, NULL);
INSERT INTO `Log` VALUES (1400, 5, 352, NULL);
INSERT INTO `Log` VALUES (1401, 5, 353, NULL);
INSERT INTO `Log` VALUES (1402, 5, 359, NULL);
INSERT INTO `Log` VALUES (1403, 5, 360, NULL);
INSERT INTO `Log` VALUES (1404, 5, 362, NULL);
INSERT INTO `Log` VALUES (1405, 5, 364, NULL);
INSERT INTO `Log` VALUES (1406, 5, 372, NULL);
INSERT INTO `Log` VALUES (1407, 5, 396, NULL);
INSERT INTO `Log` VALUES (1408, 5, 406, NULL);
INSERT INTO `Log` VALUES (1409, 5, 408, NULL);
INSERT INTO `Log` VALUES (1410, 5, 412, NULL);
INSERT INTO `Log` VALUES (1411, 5, 420, NULL);
INSERT INTO `Log` VALUES (1412, 5, 421, NULL);
INSERT INTO `Log` VALUES (1413, 5, 428, NULL);
INSERT INTO `Log` VALUES (1414, 5, 444, NULL);
INSERT INTO `Log` VALUES (1415, 5, 450, NULL);
INSERT INTO `Log` VALUES (1416, 5, 466, NULL);
INSERT INTO `Log` VALUES (1417, 5, 468, NULL);
INSERT INTO `Log` VALUES (1418, 5, 472, NULL);
INSERT INTO `Log` VALUES (1419, 5, 476, NULL);
INSERT INTO `Log` VALUES (1420, 5, 480, NULL);
INSERT INTO `Log` VALUES (1421, 5, 486, NULL);
INSERT INTO `Log` VALUES (1422, 5, 489, NULL);
INSERT INTO `Log` VALUES (1423, 5, 502, NULL);
INSERT INTO `Log` VALUES (1424, 5, 507, NULL);
INSERT INTO `Log` VALUES (1425, 5, 517, NULL);
INSERT INTO `Log` VALUES (1426, 5, 518, NULL);
INSERT INTO `Log` VALUES (1427, 5, 522, NULL);
INSERT INTO `Log` VALUES (1428, 5, 524, NULL);
INSERT INTO `Log` VALUES (1429, 5, 529, NULL);
INSERT INTO `Log` VALUES (1430, 5, 531, NULL);
INSERT INTO `Log` VALUES (1431, 5, 534, NULL);
INSERT INTO `Log` VALUES (1432, 5, 537, NULL);
INSERT INTO `Log` VALUES (1433, 5, 551, NULL);
INSERT INTO `Log` VALUES (1434, 5, 552, NULL);
INSERT INTO `Log` VALUES (1435, 5, 556, NULL);
INSERT INTO `Log` VALUES (1436, 5, 557, NULL);
INSERT INTO `Log` VALUES (1437, 5, 561, NULL);
INSERT INTO `Log` VALUES (1438, 5, 565, NULL);
INSERT INTO `Log` VALUES (1439, 5, 569, NULL);
INSERT INTO `Log` VALUES (1440, 5, 571, NULL);
INSERT INTO `Log` VALUES (1441, 5, 576, NULL);
INSERT INTO `Log` VALUES (1442, 5, 591, NULL);
INSERT INTO `Log` VALUES (1443, 5, 600, NULL);
INSERT INTO `Log` VALUES (1444, 5, 602, NULL);
INSERT INTO `Log` VALUES (1445, 5, 604, NULL);
INSERT INTO `Log` VALUES (1446, 5, 605, NULL);
INSERT INTO `Log` VALUES (1447, 5, 609, NULL);
INSERT INTO `Log` VALUES (1448, 5, 619, NULL);
INSERT INTO `Log` VALUES (1449, 5, 632, NULL);
INSERT INTO `Log` VALUES (1450, 5, 637, NULL);
INSERT INTO `Log` VALUES (1451, 5, 640, NULL);
INSERT INTO `Log` VALUES (1452, 5, 642, NULL);
INSERT INTO `Log` VALUES (1453, 5, 660, NULL);
INSERT INTO `Log` VALUES (1454, 5, 662, NULL);
INSERT INTO `Log` VALUES (1455, 5, 695, NULL);
INSERT INTO `Log` VALUES (1456, 5, 701, NULL);
INSERT INTO `Log` VALUES (1457, 5, 703, NULL);
INSERT INTO `Log` VALUES (1458, 5, 704, NULL);
INSERT INTO `Log` VALUES (1459, 5, 711, NULL);
INSERT INTO `Log` VALUES (1460, 5, 712, NULL);
INSERT INTO `Log` VALUES (1461, 5, 721, NULL);
INSERT INTO `Log` VALUES (1462, 5, 725, NULL);
INSERT INTO `Log` VALUES (1463, 5, 733, NULL);
INSERT INTO `Log` VALUES (1464, 5, 743, NULL);
INSERT INTO `Log` VALUES (1465, 5, 753, NULL);
INSERT INTO `Log` VALUES (1466, 5, 758, NULL);
INSERT INTO `Log` VALUES (1467, 5, 760, NULL);
INSERT INTO `Log` VALUES (1468, 5, 761, NULL);
INSERT INTO `Log` VALUES (1469, 5, 765, NULL);
INSERT INTO `Log` VALUES (1470, 5, 771, NULL);
INSERT INTO `Log` VALUES (1471, 5, 793, NULL);
INSERT INTO `Log` VALUES (1472, 5, 806, NULL);
INSERT INTO `Log` VALUES (1473, 5, 815, NULL);
INSERT INTO `Log` VALUES (1474, 5, 823, NULL);
INSERT INTO `Log` VALUES (1475, 5, 828, NULL);
INSERT INTO `Log` VALUES (1476, 5, 836, NULL);
INSERT INTO `Log` VALUES (1477, 5, 838, NULL);
INSERT INTO `Log` VALUES (1478, 5, 843, NULL);
INSERT INTO `Log` VALUES (1479, 5, 844, NULL);
INSERT INTO `Log` VALUES (1480, 5, 851, NULL);
INSERT INTO `Log` VALUES (1481, 5, 853, NULL);
INSERT INTO `Log` VALUES (1482, 5, 854, NULL);
INSERT INTO `Log` VALUES (1483, 5, 861, NULL);
INSERT INTO `Log` VALUES (1484, 5, 866, NULL);
INSERT INTO `Log` VALUES (1485, 5, 870, NULL);
INSERT INTO `Log` VALUES (1486, 5, 891, NULL);
INSERT INTO `Log` VALUES (1487, 5, 895, NULL);
INSERT INTO `Log` VALUES (1488, 5, 900, NULL);
INSERT INTO `Log` VALUES (1489, 5, 905, NULL);
INSERT INTO `Log` VALUES (1490, 5, 910, NULL);
INSERT INTO `Log` VALUES (1491, 5, 911, NULL);
INSERT INTO `Log` VALUES (1492, 5, 920, NULL);
INSERT INTO `Log` VALUES (1493, 5, 922, NULL);
INSERT INTO `Log` VALUES (1494, 5, 925, NULL);
INSERT INTO `Log` VALUES (1495, 5, 926, NULL);
INSERT INTO `Log` VALUES (1496, 5, 928, NULL);
INSERT INTO `Log` VALUES (1497, 5, 932, NULL);
INSERT INTO `Log` VALUES (1498, 5, 938, NULL);
INSERT INTO `Log` VALUES (1499, 5, 961, NULL);
INSERT INTO `Log` VALUES (1500, 5, 971, NULL);
INSERT INTO `Log` VALUES (1501, 5, 986, NULL);
INSERT INTO `Log` VALUES (1502, 5, 996, NULL);
INSERT INTO `Log` VALUES (1503, 5, 1004, NULL);
INSERT INTO `Log` VALUES (1504, 5, 1006, NULL);
INSERT INTO `Log` VALUES (1505, 5, 1018, NULL);
INSERT INTO `Log` VALUES (1506, 5, 1019, NULL);
INSERT INTO `Log` VALUES (1507, 5, 1021, NULL);
INSERT INTO `Log` VALUES (1508, 5, 1030, NULL);
INSERT INTO `Log` VALUES (1509, 5, 1040, NULL);
INSERT INTO `Log` VALUES (1510, 5, 1041, NULL);
INSERT INTO `Log` VALUES (1511, 5, 1065, NULL);
INSERT INTO `Log` VALUES (1512, 5, 1071, NULL);
INSERT INTO `Log` VALUES (1513, 5, 1073, NULL);
INSERT INTO `Log` VALUES (1514, 5, 1084, NULL);
INSERT INTO `Log` VALUES (1515, 5, 1096, NULL);
INSERT INTO `Log` VALUES (1516, 5, 1104, NULL);
INSERT INTO `Log` VALUES (1517, 5, 1105, NULL);
INSERT INTO `Log` VALUES (1518, 5, 1106, NULL);
INSERT INTO `Log` VALUES (1519, 5, 1115, NULL);
INSERT INTO `Log` VALUES (1520, 5, 1118, NULL);
INSERT INTO `Log` VALUES (1521, 5, 1134, NULL);
INSERT INTO `Log` VALUES (1522, 5, 1135, NULL);
INSERT INTO `Log` VALUES (1523, 5, 1142, NULL);
INSERT INTO `Log` VALUES (1524, 5, 1155, NULL);
INSERT INTO `Log` VALUES (1525, 5, 1156, NULL);
INSERT INTO `Log` VALUES (1526, 5, 1161, NULL);
INSERT INTO `Log` VALUES (1527, 5, 1162, NULL);
INSERT INTO `Log` VALUES (1528, 5, 1166, NULL);
INSERT INTO `Log` VALUES (1529, 5, 1174, NULL);
INSERT INTO `Log` VALUES (1530, 5, 1177, NULL);
INSERT INTO `Log` VALUES (1531, 5, 1190, NULL);
INSERT INTO `Log` VALUES (1532, 5, 1191, NULL);
INSERT INTO `Log` VALUES (1533, 5, 1197, NULL);
INSERT INTO `Log` VALUES (1534, 5, 1198, NULL);
INSERT INTO `Log` VALUES (1535, 5, 1199, NULL);
INSERT INTO `Log` VALUES (1536, 5, 1202, NULL);
INSERT INTO `Log` VALUES (1537, 5, 1213, NULL);
INSERT INTO `Log` VALUES (1538, 5, 1224, NULL);
INSERT INTO `Log` VALUES (1539, 5, 1226, NULL);
INSERT INTO `Log` VALUES (1540, 5, 1232, NULL);
INSERT INTO `Log` VALUES (1541, 5, 1233, NULL);
INSERT INTO `Log` VALUES (1542, 5, 1237, NULL);
INSERT INTO `Log` VALUES (1543, 5, 1238, NULL);
INSERT INTO `Log` VALUES (1544, 5, 1253, NULL);
INSERT INTO `Log` VALUES (1545, 5, 1257, NULL);
INSERT INTO `Log` VALUES (1546, 5, 1268, NULL);
INSERT INTO `Log` VALUES (1547, 5, 1272, NULL);
INSERT INTO `Log` VALUES (1548, 5, 1285, NULL);
INSERT INTO `Log` VALUES (1549, 5, 1288, NULL);
INSERT INTO `Log` VALUES (1550, 5, 1291, NULL);
INSERT INTO `Log` VALUES (1551, 5, 1305, NULL);
INSERT INTO `Log` VALUES (1552, 5, 1308, NULL);
INSERT INTO `Log` VALUES (1553, 5, 1314, NULL);
INSERT INTO `Log` VALUES (1554, 5, 1317, NULL);
INSERT INTO `Log` VALUES (1555, 5, 1323, NULL);
INSERT INTO `Log` VALUES (1556, 5, 1324, NULL);
INSERT INTO `Log` VALUES (1557, 5, 1325, NULL);
INSERT INTO `Log` VALUES (1558, 5, 1334, NULL);
INSERT INTO `Log` VALUES (1597, 6, 10, NULL);
INSERT INTO `Log` VALUES (1598, 6, 13, NULL);
INSERT INTO `Log` VALUES (1599, 6, 35, NULL);
INSERT INTO `Log` VALUES (1600, 6, 50, NULL);
INSERT INTO `Log` VALUES (1601, 6, 62, NULL);
INSERT INTO `Log` VALUES (1602, 6, 74, NULL);
INSERT INTO `Log` VALUES (1603, 6, 93, NULL);
INSERT INTO `Log` VALUES (1604, 6, 97, NULL);
INSERT INTO `Log` VALUES (1605, 6, 113, NULL);
INSERT INTO `Log` VALUES (1606, 6, 120, NULL);
INSERT INTO `Log` VALUES (1607, 6, 122, NULL);
INSERT INTO `Log` VALUES (1608, 6, 129, NULL);
INSERT INTO `Log` VALUES (1609, 6, 184, NULL);
INSERT INTO `Log` VALUES (1610, 6, 188, NULL);
INSERT INTO `Log` VALUES (1611, 6, 190, NULL);
INSERT INTO `Log` VALUES (1612, 6, 201, NULL);
INSERT INTO `Log` VALUES (1613, 6, 204, NULL);
INSERT INTO `Log` VALUES (1614, 6, 207, NULL);
INSERT INTO `Log` VALUES (1615, 6, 215, NULL);
INSERT INTO `Log` VALUES (1616, 6, 220, NULL);
INSERT INTO `Log` VALUES (1617, 6, 226, NULL);
INSERT INTO `Log` VALUES (1618, 6, 258, NULL);
INSERT INTO `Log` VALUES (1619, 6, 266, NULL);
INSERT INTO `Log` VALUES (1620, 6, 270, NULL);
INSERT INTO `Log` VALUES (1621, 6, 271, NULL);
INSERT INTO `Log` VALUES (1622, 6, 289, NULL);
INSERT INTO `Log` VALUES (1623, 6, 297, NULL);
INSERT INTO `Log` VALUES (1624, 6, 314, NULL);
INSERT INTO `Log` VALUES (1625, 6, 320, NULL);
INSERT INTO `Log` VALUES (1626, 6, 340, NULL);
INSERT INTO `Log` VALUES (1627, 6, 376, NULL);
INSERT INTO `Log` VALUES (1628, 6, 385, NULL);
INSERT INTO `Log` VALUES (1629, 6, 393, NULL);
INSERT INTO `Log` VALUES (1630, 6, 394, NULL);
INSERT INTO `Log` VALUES (1631, 6, 400, NULL);
INSERT INTO `Log` VALUES (1632, 6, 418, NULL);
INSERT INTO `Log` VALUES (1633, 6, 422, NULL);
INSERT INTO `Log` VALUES (1634, 6, 430, NULL);
INSERT INTO `Log` VALUES (1635, 6, 432, NULL);
INSERT INTO `Log` VALUES (1636, 6, 434, NULL);
INSERT INTO `Log` VALUES (1637, 6, 451, NULL);
INSERT INTO `Log` VALUES (1638, 6, 452, NULL);
INSERT INTO `Log` VALUES (1639, 6, 453, NULL);
INSERT INTO `Log` VALUES (1640, 6, 455, NULL);
INSERT INTO `Log` VALUES (1641, 6, 465, NULL);
INSERT INTO `Log` VALUES (1642, 6, 493, NULL);
INSERT INTO `Log` VALUES (1643, 6, 497, NULL);
INSERT INTO `Log` VALUES (1644, 6, 501, NULL);
INSERT INTO `Log` VALUES (1645, 6, 514, NULL);
INSERT INTO `Log` VALUES (1646, 6, 523, NULL);
INSERT INTO `Log` VALUES (1647, 6, 549, NULL);
INSERT INTO `Log` VALUES (1648, 6, 559, NULL);
INSERT INTO `Log` VALUES (1649, 6, 560, NULL);
INSERT INTO `Log` VALUES (1650, 6, 574, NULL);
INSERT INTO `Log` VALUES (1651, 6, 578, NULL);
INSERT INTO `Log` VALUES (1652, 6, 580, NULL);
INSERT INTO `Log` VALUES (1653, 6, 584, NULL);
INSERT INTO `Log` VALUES (1654, 6, 585, NULL);
INSERT INTO `Log` VALUES (1655, 6, 589, NULL);
INSERT INTO `Log` VALUES (1656, 6, 592, NULL);
INSERT INTO `Log` VALUES (1657, 6, 599, NULL);
INSERT INTO `Log` VALUES (1658, 6, 611, NULL);
INSERT INTO `Log` VALUES (1659, 6, 626, NULL);
INSERT INTO `Log` VALUES (1660, 6, 627, NULL);
INSERT INTO `Log` VALUES (1661, 6, 629, NULL);
INSERT INTO `Log` VALUES (1662, 6, 633, NULL);
INSERT INTO `Log` VALUES (1663, 6, 651, NULL);
INSERT INTO `Log` VALUES (1664, 6, 665, NULL);
INSERT INTO `Log` VALUES (1665, 6, 679, NULL);
INSERT INTO `Log` VALUES (1666, 6, 697, NULL);
INSERT INTO `Log` VALUES (1667, 6, 722, NULL);
INSERT INTO `Log` VALUES (1668, 6, 723, NULL);
INSERT INTO `Log` VALUES (1669, 6, 736, NULL);
INSERT INTO `Log` VALUES (1670, 6, 766, NULL);
INSERT INTO `Log` VALUES (1671, 6, 767, NULL);
INSERT INTO `Log` VALUES (1672, 6, 776, NULL);
INSERT INTO `Log` VALUES (1673, 6, 794, NULL);
INSERT INTO `Log` VALUES (1674, 6, 797, NULL);
INSERT INTO `Log` VALUES (1675, 6, 807, NULL);
INSERT INTO `Log` VALUES (1676, 6, 822, NULL);
INSERT INTO `Log` VALUES (1677, 6, 832, NULL);
INSERT INTO `Log` VALUES (1678, 6, 855, NULL);
INSERT INTO `Log` VALUES (1679, 6, 872, NULL);
INSERT INTO `Log` VALUES (1680, 6, 875, NULL);
INSERT INTO `Log` VALUES (1681, 6, 939, NULL);
INSERT INTO `Log` VALUES (1682, 6, 946, NULL);
INSERT INTO `Log` VALUES (1683, 6, 955, NULL);
INSERT INTO `Log` VALUES (1684, 6, 964, NULL);
INSERT INTO `Log` VALUES (1685, 6, 969, NULL);
INSERT INTO `Log` VALUES (1686, 6, 974, NULL);
INSERT INTO `Log` VALUES (1687, 6, 976, NULL);
INSERT INTO `Log` VALUES (1688, 6, 1003, NULL);
INSERT INTO `Log` VALUES (1689, 6, 1014, NULL);
INSERT INTO `Log` VALUES (1690, 6, 1015, NULL);
INSERT INTO `Log` VALUES (1691, 6, 1046, NULL);
INSERT INTO `Log` VALUES (1692, 6, 1051, NULL);
INSERT INTO `Log` VALUES (1693, 6, 1054, NULL);
INSERT INTO `Log` VALUES (1694, 6, 1058, NULL);
INSERT INTO `Log` VALUES (1695, 6, 1095, NULL);
INSERT INTO `Log` VALUES (1696, 6, 1102, NULL);
INSERT INTO `Log` VALUES (1697, 6, 1108, NULL);
INSERT INTO `Log` VALUES (1698, 6, 1114, NULL);
INSERT INTO `Log` VALUES (1699, 6, 1154, NULL);
INSERT INTO `Log` VALUES (1700, 6, 1160, NULL);
INSERT INTO `Log` VALUES (1701, 6, 1164, NULL);
INSERT INTO `Log` VALUES (1702, 6, 1170, NULL);
INSERT INTO `Log` VALUES (1703, 6, 1172, NULL);
INSERT INTO `Log` VALUES (1704, 6, 1173, NULL);
INSERT INTO `Log` VALUES (1705, 6, 1182, NULL);
INSERT INTO `Log` VALUES (1706, 6, 1192, NULL);
INSERT INTO `Log` VALUES (1707, 6, 1220, NULL);
INSERT INTO `Log` VALUES (1708, 6, 1221, NULL);
INSERT INTO `Log` VALUES (1709, 6, 1239, NULL);
INSERT INTO `Log` VALUES (1710, 6, 1246, NULL);
INSERT INTO `Log` VALUES (1711, 6, 1247, NULL);
INSERT INTO `Log` VALUES (1712, 6, 1262, NULL);
INSERT INTO `Log` VALUES (1713, 6, 1267, NULL);
INSERT INTO `Log` VALUES (1714, 6, 1276, NULL);
INSERT INTO `Log` VALUES (1715, 6, 1282, NULL);
INSERT INTO `Log` VALUES (1716, 6, 1283, NULL);
INSERT INTO `Log` VALUES (1717, 6, 1295, NULL);
INSERT INTO `Log` VALUES (1718, 6, 1306, NULL);
INSERT INTO `Log` VALUES (1719, 6, 1310, NULL);
INSERT INTO `Log` VALUES (1720, 6, 1326, NULL);
INSERT INTO `Log` VALUES (1721, 6, 1329, NULL);
INSERT INTO `Log` VALUES (1722, 6, 1335, NULL);
INSERT INTO `Log` VALUES (1724, 4, 14, NULL);
INSERT INTO `Log` VALUES (1725, 4, 15, NULL);
INSERT INTO `Log` VALUES (1726, 4, 25, NULL);
INSERT INTO `Log` VALUES (1727, 4, 57, NULL);
INSERT INTO `Log` VALUES (1728, 4, 64, NULL);
INSERT INTO `Log` VALUES (1729, 4, 72, NULL);
INSERT INTO `Log` VALUES (1730, 4, 81, NULL);
INSERT INTO `Log` VALUES (1731, 4, 92, NULL);
INSERT INTO `Log` VALUES (1732, 4, 105, NULL);
INSERT INTO `Log` VALUES (1733, 4, 116, NULL);
INSERT INTO `Log` VALUES (1734, 4, 164, NULL);
INSERT INTO `Log` VALUES (1735, 4, 217, NULL);
INSERT INTO `Log` VALUES (1736, 4, 233, NULL);
INSERT INTO `Log` VALUES (1737, 4, 253, NULL);
INSERT INTO `Log` VALUES (1738, 4, 269, NULL);
INSERT INTO `Log` VALUES (1739, 4, 282, NULL);
INSERT INTO `Log` VALUES (1740, 4, 304, NULL);
INSERT INTO `Log` VALUES (1741, 4, 312, NULL);
INSERT INTO `Log` VALUES (1742, 4, 335, NULL);
INSERT INTO `Log` VALUES (1743, 4, 378, NULL);
INSERT INTO `Log` VALUES (1744, 4, 436, NULL);
INSERT INTO `Log` VALUES (1745, 4, 446, NULL);
INSERT INTO `Log` VALUES (1746, 4, 509, NULL);
INSERT INTO `Log` VALUES (1747, 4, 533, NULL);
INSERT INTO `Log` VALUES (1748, 4, 573, NULL);
INSERT INTO `Log` VALUES (1749, 4, 615, NULL);
INSERT INTO `Log` VALUES (1750, 4, 616, NULL);
INSERT INTO `Log` VALUES (1751, 4, 649, NULL);
INSERT INTO `Log` VALUES (1752, 4, 677, NULL);
INSERT INTO `Log` VALUES (1753, 4, 737, NULL);
INSERT INTO `Log` VALUES (1754, 4, 819, NULL);
INSERT INTO `Log` VALUES (1755, 4, 833, NULL);
INSERT INTO `Log` VALUES (1756, 4, 896, NULL);
INSERT INTO `Log` VALUES (1757, 4, 904, NULL);
INSERT INTO `Log` VALUES (1758, 4, 912, NULL);
INSERT INTO `Log` VALUES (1759, 4, 984, NULL);
INSERT INTO `Log` VALUES (1760, 4, 1016, NULL);
INSERT INTO `Log` VALUES (1761, 4, 1026, NULL);
INSERT INTO `Log` VALUES (1762, 4, 1043, NULL);
INSERT INTO `Log` VALUES (1763, 4, 1070, NULL);
INSERT INTO `Log` VALUES (1764, 4, 1112, NULL);
INSERT INTO `Log` VALUES (1765, 4, 1121, NULL);
INSERT INTO `Log` VALUES (1766, 4, 1122, NULL);
INSERT INTO `Log` VALUES (1767, 4, 1126, NULL);
INSERT INTO `Log` VALUES (1768, 4, 1139, NULL);
INSERT INTO `Log` VALUES (1769, 4, 1141, NULL);
INSERT INTO `Log` VALUES (1770, 4, 1171, NULL);
INSERT INTO `Log` VALUES (1771, 4, 1229, NULL);
INSERT INTO `Log` VALUES (1772, 4, 1290, NULL);
INSERT INTO `Log` VALUES (1773, 4, 1298, NULL);
INSERT INTO `Log` VALUES (1774, 4, 1332, NULL);
COMMIT;

SET FOREIGN_KEY_CHECKS = 1;
